73	45	21	OP.GG	OP.GG	2024年10月30日	11 天前
内容创意	EN	移动友好	文本
68	OP.GG Company	OP.GG Company	1	6	Blog	Blog	2025年10月4日	2026年7月27日
KO	移动友好	文本	站内
66	LOLSTAR | 작업 후기 | 롤대리 롤듀오 추천 업체	LOLSTAR | 작업 후기 | 롤대리 롤듀오 추천 업체	3	46	전적검색	전적검색	2025年9月17日	11 天前
66	주소야 사이트주소 찾기 도메인 주소 링크 찾기	주소야 사이트주소 찾기 도메인 주소 링크 찾기	431	61	OP.GG	OP.GG	2025年12月5日	2026年3月7日
语言： 韩语	链接类型：文本	链接放置： 内容	源页面阻止机器人对其抓取。
PUBG.OP.GG	PUBG.OP.GG	2025年12月5日	2026年3月7日
64	OP.GG - Desktop App on Overwolf	OP.GG - Desktop App on Overwolf	20	65	op.gg/desktop/	2025年4月28日	8 天前
62	주소야 사이트주소 찾기 도메인 주소 링크 찾기	주소야 사이트주소 찾기 도메인 주소 링크 찾기	431	61	OP.GG	OP.GG	2025年11月26日	2026年3月2日
PUBG.OP.GG	PUBG.OP.GG	2025年11月19日	2026年2月1日
61	링크정복 - 링크모음 주소모음 사이트 | 최신주소 무료 안내	링크정복 - 링크모음 주소모음 사이트 | 최신주소 무료 안내	136	120	OP.GG	OP.GG	2026年4月6日	2026年7月24日
60	Teamfight Tactics patch 16.1	Teamfight Tactics patch 16.1	15	13	OPGG	OPGG	2025年12月7日	10 天前
60	42	28	op.gg	op.gg	2025年9月20日	13 天前
59	러아 - 나무위키	러아 - 나무위키	44	339	뭐라하먼던짐	뭐라하먼던짐	2026年1月26日	2026年6月7日
58	주소모음 & 링크모음 사이트 | 주소팝	주소모음 & 링크모음 사이트 | 주소팝	406	48	OP.GG 파비콘 OP.GG	OP.GG 파비콘 OP.GG	2025年11月14日	2026年7月30日
PUBG.OP.GG 파비콘 PUBG.OP.GG	PUBG.OP.GG 파비콘 PUBG.OP.GG	2025年11月14日	2026年7月30日
58	주소야 사이트주소 찾기 도메인 주소 링크 찾기	주소야 사이트주소 찾기 도메인 주소 링크 찾기	431	57	OP.GG	OP.GG	2025年11月26日	2026年3月3日
58	주소모음 & 링크모음 사이트 | 링크북	주소모음 & 링크모음 사이트 | 링크북	431	56	OP.GG	OP.GG	2025年11月19日	2026年2月1日
58	OP.GG · GitHub	OP.GG · GitHub	5	142	http://op.gg	http://op.gg	2025年4月28日	2026年4月17日
EN	移动友好	文本	内容
57	goo.gl/rC7wHP	0	0	302	2026年4月4日	2026年4月4日
57	13	140	https://www.op.gg/	https://www.op.gg/	2026年2月20日	2026年6月29日
56	Camille	Camille	3	0	OP.GG	OP.GG	2026年1月21日	7 天前
55	56	262	2025年12月7日	2026年7月9日
55	Lovable App - Discover Beautiful Apps Built with Vibe Coding	Lovable App - Discover Beautiful Apps Built with Vibe Coding	60	80	Discover App	Discover App	2026年7月5日	2026年7月31日
语言： 英语	链接类型：文本	链接放置： 内容	上次抓取期间未找​​到链接。
55	Today I Learn	Today I Learn	4	4	누구게#안알랴줌	누구게#안알랴줌	2 天前	2 天前
55	Comestro (Comestro TechLabs Pvt Ltd) · GitHub	Comestro (Comestro TechLabs Pvt Ltd) · GitHub	39	109	OP.GG	OP.GG	2025年6月29日	2026年7月12日
55	36	132	OP.GG	OP.GG	2026年7月18日	2026年7月18日
54	LOLSTAR | 롤대리, 롤듀오, 롤강의 전문 업체 | 이유있는 1위	LOLSTAR | 롤대리, 롤듀오, 롤강의 전문 업체 | 이유있는 1위	3	55	전적검색	전적검색	2025年4月14日	4 天前
博客	KO	移动友好	文本	内容
54	Camille	Camille	3	0	OP.GG	OP.GG	2026年2月1日	2026年7月31日
ES	移动友好	文本	内容
54	Gwen	Gwen	3	0	OP.GG	OP.GG	2025年8月5日	3 天前
54	이지각 - 나무위키	이지각 - 나무위키	17	154	이지각	이지각	2025年8月18日	2026年6月5日
54	‎톡지(TalkG) - 게임과 일상을 연결하는 커뮤니티 앱 - App Store	‎톡지(TalkG) - 게임과 일상을 연결하는 커뮤니티 앱 - App Store	3	229	개발자의 개인정보 처리방침	개발자의 개인정보 처리방침	2026年3月20日	2026年6月30日
개인정보 처리방침	개인정보 처리방침	2026年3月20日	2026年6月30日
개발자 웹사이트	개발자 웹사이트	2024年11月16日	2026年6月30日
앱 지원	앱 지원	2024年7月30日	2026年3月20日
53	Mel	Mel	3	0	OP.GG	OP.GG	2026年1月27日	12 天前
53	VercelAPP - Launch Better Products, Choose Better Tools	VercelAPP - Launch Better Products, Choose Better Tools	51	98	op.gg/	2026年7月5日	2026年7月31日
53	goo.gl/XjRm7r	0	0	302	2025年10月5日	2026年3月25日
53	War's Item Price List/Guide	War's Item Price List/Guide	8	82	http://euw.op.gg/summoner/userName=qqdz	http://euw.op.gg/summoner/userName=qqdz	2025年4月27日	2026年7月25日
http://euw.op.gg/summoner/userName=ianv	http://euw.op.gg/summoner/userName=ianv	2026年1月23日	2026年7月25日
http://euw.op.gg/summoner/userName=smurf+leblanc	http://euw.op.gg/summoner/userName=smurf+leblanc	2025年3月26日	2026年7月25日
53	‎AllT - All about TFT 앱 - App Store	‎AllT - All about TFT 앱 - App Store	3	229	개발자의 개인정보 처리방침	개발자의 개인정보 처리방침	2026年1月10日	2026年7月5日
개인정보 처리방침	개인정보 처리방침	2026年1月10日	2026年7月5日
개발자 웹사이트	개발자 웹사이트	2025年2月25日	2026年8月2日
52	36	141	OP.GG	OP.GG	2026年7月18日	2026年7月18日
52	33	137	OP.GG	OP.GG	2025年9月23日	2026年6月7日
52	Welcome | UCOW Hy Yuqiao	Welcome | UCOW Hy Yuqiao	7	1	op.gg	op.gg	2026年7月19日	11 天前
52	GitHub - Monarul007/KineCom · GitHub	GitHub - Monarul007/KineCom · GitHub	33	136	OP.GG	OP.GG	2026年7月11日	2026年7月11日
52	GitHub - jeremykenedy/hiupload-api · GitHub	GitHub - jeremykenedy/hiupload-api · GitHub	34	137	OP.GG	OP.GG	2026年1月13日	2026年5月29日
52	GitHub - jafarrohmadi/reimbursement · GitHub	GitHub - jafarrohmadi/reimbursement · GitHub	52	137	OP.GG	OP.GG	2026年6月16日	2026年6月16日
52	GitHub - adhamnugroho/sistem-rental_mobil · GitHub	GitHub - adhamnugroho/sistem-rental_mobil · GitHub	38	148	OP.GG	OP.GG	2026年1月20日	2026年6月4日
52	GitHub - adhamnugroho/bri_kas · GitHub	GitHub - adhamnugroho/bri_kas · GitHub	37	138	OP.GG	OP.GG	2026年5月10日	2026年5月10日
52	GitHub - TheoDelaporte/portfolio: Mon portfolio en laravel · GitHub	GitHub - TheoDelaporte/portfolio: Mon portfolio en laravel · GitHub	36	138	OP.GG	OP.GG	2025年1月4日	2026年7月5日
52	GitHub - TheJuanJo1/Bethlemitas · GitHub	GitHub - TheJuanJo1/Bethlemitas · GitHub	36	140	OP.GG	OP.GG	2026年7月22日	2026年7月22日
语言： 英语	文本	内容	新增
52	GitHub - Michael-Wagdy/login · GitHub	GitHub - Michael-Wagdy/login · GitHub	52	139	OP.GG	OP.GG	2026年6月17日	2026年6月17日
52	GitHub - Jirkos6/Maturitni-projekt · GitHub	GitHub - Jirkos6/Maturitni-projekt · GitHub	36	151	OP.GG	OP.GG	2026年3月9日	2026年3月9日
52	GitHub - Frodenils/laravel · GitHub	GitHub - Frodenils/laravel · GitHub	38	138	OP.GG	OP.GG	2026年7月22日	2026年7月22日
EN	移动友好	文本	2026年7月22日	内容	新增
52	GitHub - Attia-Ahmed/staff-managment · GitHub	GitHub - Attia-Ahmed/staff-managment · GitHub	36	138	OP.GG	OP.GG	2026年4月28日	2026年4月28日
51	Yooiu - Discover AI & Creative Products	Yooiu - Discover AI & Creative Products	82	116	2026年7月7日	2026年8月2日
51	The SEA Server Merge is Coming!	The SEA Server Merge is Coming!	8	3	2025年8月19日	2026年3月30日
51	주소캔 - 주소모음 링크모음 사이트	주소캔 - 주소모음 링크모음 사이트	70	1	PUBG.OP.GG	PUBG.OP.GG	2026年2月6日	2026年7月21日
OP.GG	OP.GG	2026年2月6日	2026年7月21日
51	0	0	302	2026年1月28日	2026年7月29日
51	50	125	OP.GG	OP.GG	2025年5月29日	2026年2月20日
51	GitHub - MasudurRahman34/misecom · GitHub	GitHub - MasudurRahman34/misecom · GitHub	33	136	OP.GG	OP.GG	2025年10月4日	2026年6月27日
51	GitHub - Luis-Rivas/DSI--G05-CarmencitaProject · GitHub	GitHub - Luis-Rivas/DSI--G05-CarmencitaProject · GitHub	36	139	OP.GG	OP.GG	2026年7月6日	2026年7月6日
51	GitHub - LaravelDaily/Livewire-Parent-Child-Master-Detail · GitHub	GitHub - LaravelDaily/Livewire-Parent-Child-Master-Detail · GitHub	33	137	OP.GG	OP.GG	2026年6月16日	2026年6月16日
51	GitHub - LaravelDaily/Booking-Com-Simulation-Laravel · GitHub	GitHub - LaravelDaily/Booking-Com-Simulation-Laravel · GitHub	36	137	OP.GG	OP.GG	2026年6月20日	2026年6月20日
51	핵루비: 서든핵 배그핵 롤헬퍼 오버워치핵 | No.1 핵 전문 사이트	핵루비: 서든핵 배그핵 롤헬퍼 오버워치핵 | No.1 핵 전문 사이트	7	10	메타 분석	메타 분석	2026年3月5日	8 天前
51	‎OP.GG App - App Store	‎OP.GG App - App Store	3	228	developer’s privacy policy	developer’s privacy policy	2026年2月8日	2026年7月1日
Privacy Policy	Privacy Policy	2026年2月8日	2026年7月1日
Developer Website	Developer Website	2025年1月17日	2026年7月1日
51	‎OP.GG - 오피지지 앱 - App Store	‎OP.GG - 오피지지 앱 - App Store	3	232	개인정보 처리방침	개인정보 처리방침	2025年10月18日	2026年8月2日
개발자의 개인정보 처리방침	개발자의 개인정보 처리방침	2025年10月18日	2026年8月2日
앱 지원	앱 지원	2024年10月17日	2026年3月12日
50	Yuumi	Yuumi	3	0	OP.GG	OP.GG	2025年5月22日	11 天前
50	PerplexityAI - Discover AI & Creative Products	PerplexityAI - Discover AI & Creative Products	91	121	op.gg/	2026年7月4日	2026年8月3日
50	PUBG: BATTLEGROUNDS/문제점/핵 - 나무위키	PUBG: BATTLEGROUNDS/문제점/핵 - 나무위키	71	400	핵쟁이	핵쟁이	2024年7月24日	2026年5月17日
50	노래방 - 나무위키	노래방 - 나무위키	41	1274	링크 2	링크 2	2025年5月13日	2026年7月18日
50	IGN Korea	IGN Korea	3	159	OP.GG	OP.GG	2026年1月23日	2026年8月1日
OP.GG Inc	OP.GG Inc	2026年1月23日	2026年8月1日
50	Huobidex - Tools & Products Directory	Huobidex - Tools & Products Directory	73	104	op.gg/	2026年7月4日	2026年8月3日
50	goo.gl/j08Rf0	0	0	2026年1月20日	2026年7月7日
50	GitHub - LaravelDaily/Laravel-Jetstream-CRUD-Roles · GitHub	GitHub - LaravelDaily/Laravel-Jetstream-CRUD-Roles · GitHub	33	128	OP.GG	OP.GG	昨天	昨天
50	GitHub - Jonatasndossantos/vitaNexus · GitHub	GitHub - Jonatasndossantos/vitaNexus · GitHub	37	152	OP.GG	OP.GG	2026年4月15日	2026年4月15日
50	GitHub - Jonatasndossantos/JYNSGE · GitHub	GitHub - Jonatasndossantos/JYNSGE · GitHub	37	145	OP.GG	OP.GG	2026年4月14日	2026年4月14日
50	36	143	OP.GG	OP.GG	2026年3月29日	2026年3月29日
50	GitHub - CptZee/lazitool · GitHub	GitHub - CptZee/lazitool · GitHub	36	141	OP.GG	OP.GG	2026年5月19日	2026年5月19日
50	‎AllT - All about TFT App - App Store	‎AllT - All about TFT App - App Store	3	227	Developer Website	Developer Website	2026年3月18日	2026年3月18日
developer’s privacy policy	developer’s privacy policy	2026年3月18日	2026年3月18日
Privacy Policy	Privacy Policy	2026年3月18日	2026年3月18日
49	GitHub - apw516/simrs · GitHub	GitHub - apw516/simrs · GitHub	36	142	OP.GG	OP.GG	2025年12月10日	2026年4月23日
49	GitHub - Hudair/matgare	GitHub - Hudair/matgare	38	133	OP.GG	OP.GG	2026年2月19日	2026年2月19日
49	GitHub - Hudair/bitaqaty · GitHub	GitHub - Hudair/bitaqaty · GitHub	33	139	OP.GG	OP.GG	2026年6月8日	2026年6月8日
49	GitHub - AntarSidgi/IslamBot	GitHub - AntarSidgi/IslamBot	53	135	OP.GG	OP.GG	2025年10月21日	2026年2月28日
Prev	Next	Page:	of	14,282
EN	移动友好	文本	内容	新增
51	Yooiu - Discover AI & Creative Products	Yooiu - Discover AI & Creative Products	82	116	op.gg/	2026年7月7日	2026年8月2日
github.com/Zenahr/laravel-simple-rest-api	链接类型：文本	链接放置： 内容	上次抓取期间出了问题。如果在下次抓取期间到达源页面，URL 将移至活动的反向链接。
50	goo.gl/j08Rf0	0	0	302	2026年1月20日	2026年7月7日
53	goo.gl/XjRm7r	0	0	2025年10月5日	2026年3月25日
51	0	0	2026年1月28日	2026年7月29日
其他	PUBG.OP.GG 파비콘 PUBG.OP.GG	PUBG.OP.GG 파비콘 PUBG.OP.GG	2025年11月14日	2026年7月30日
其他	56	Camille	Camille	3	0	OP.GG	OP.GG	2026年1月21日	7 天前
外链建设	56	Camille	Camille	3	0	OP.GG	OP.GG	2026年1月21日	7 天前
其他	55	Today I Learn	Today I Learn	4	4	누구게#안알랴줌	누구게#안알랴줌	2 天前	2 天前
其他	54	Camille	Camille	3	0	OP.GG	OP.GG	2026年2月1日	2026年7月31日
内容创意	개인정보 처리방침	개인정보 처리방침	2026年3月20日	2026年6月30日
内容创意	앱 지원	앱 지원	2024年7月30日	2026年3月20日
其他	链接类型：文本	链接放置： 内容	上次抓取期间未找​​到链接。
内容创意	53	War's Item Price List/Guide	War's Item Price List/Guide	8	82	http://euw.op.gg/summoner/userName=qqdz	http://euw.op.gg/summoner/userName=qqdz	2025年4月27日	2026年7月25日
内容创意	EN	移动友好	文本	内容
外链建设	52	GitHub - jafarrohmadi/reimbursement · GitHub	GitHub - jafarrohmadi/reimbursement · GitHub	52	137	OP.GG	OP.GG	2026年6月16日	2026年6月16日
其他	github.com/adhamnugroho/bri_kas	链接类型：文本	链接放置： 内容
内容创意	52	GitHub - Jirkos6/Maturitni-projekt · GitHub	GitHub - Jirkos6/Maturitni-projekt · GitHub	36	151	OP.GG	OP.GG	2026年3月9日	2026年3月9日
其他	52	36	141	OP.GG	OP.GG	2026年7月18日	2026年7月18日
内容创意	EN	移动友好	丢失：链接已移除
其他	51	핵루비: 서든핵 배그핵 롤헬퍼 오버워치핵 | No.1 핵 전문 사이트	핵루비: 서든핵 배그핵 롤헬퍼 오버워치핵 | No.1 핵 전문 사이트	7	10	메타 분석	메타 분석	2026年3月5日	8 天前
外链建设	51	핵루비: 서든핵 배그핵 롤헬퍼 오버워치핵 | No.1 핵 전문 사이트	핵루비: 서든핵 배그핵 롤헬퍼 오버워치핵 | No.1 핵 전문 사이트	7	10	메타 분석	메타 분석	2026年3月5日	8 天前
外链建设	Privacy Policy	Privacy Policy	2026年2月8日	2026年7月1日
其他	50	GitHub - Jonatasndossantos/vitaNexus · GitHub	GitHub - Jonatasndossantos/vitaNexus · GitHub	37	152	OP.GG	OP.GG	2026年4月15日	2026年4月15日
其他	49	GitHub - AntarSidgi/IslamBot	GitHub - AntarSidgi/IslamBot	53	135	OP.GG	OP.GG	2025年10月21日	2026年2月28日
其他	Prev	Next	Page:	of	14,282
外链建设	Prev	Next	Page:	of	14,282