79	actor - Wikidata	actor - Wikidata	301	242	13	13	2026年1月12日	2026年6月24日
Wiki	EN	文本	内容	Nofollow
79	United States - Wikidata	United States - Wikidata	1105	1828	50641	50641	2024年9月19日	7 天前
Wiki	EN	链接类型：文本	链接放置： 内容
79	English - Wikidata	English - Wikidata	665	556	2025年2月16日	2026年7月23日
179480	179480	2024年9月15日	2026年7月23日
78	People's Republic of China - Wikidata	People's Republic of China - Wikidata	783	1558	50649	50649	2025年7月24日	2 天前
77	Mexico - Wikidata	Mexico - Wikidata	844	1327	50646	50646	2024年9月15日	14 天前
77	Germany - Wikidata	Germany - Wikidata	1566	1899	50643	50643	2025年11月6日	2026年8月4日
77	human - Wikidata	human - Wikidata	404	377	52558	52558	2025年5月25日	2026年4月1日
77	France - Wikidata	France - Wikidata	954	1396	50650	50650	2025年3月9日	11 天前
76	Diana, Princess of Wales - Wikidata	Diana, Princess of Wales - Wikidata	403	481	18700	18700	2025年4月9日	2026年6月8日
76	Google - Wikidata	Google - Wikidata	803	640	2024年12月15日	2026年7月28日
182746	182746	2026年1月29日	2026年7月28日
76	voice - Wikidata	voice - Wikidata	34	88	188196	188196	2026年1月17日	2026年6月8日
76	Russia - Wikidata	Russia - Wikidata	874	1495	50654	50654	2025年3月12日	7 天前
75	Italy - Wikidata	Italy - Wikidata	811	1060	50644	50644	2025年7月23日	2026年7月3日
75	Arabic - Wikidata	Arabic - Wikidata	496	450	179489	179489	2026年4月2日	2026年6月30日
74	Spain - Wikidata	Spain - Wikidata	864	1035	50665	50665	2025年5月23日	3 天前
74	film director - Wikidata	film director - Wikidata	176	163	207	207	2025年8月25日	2026年6月10日
73	India - Wikidata	India - Wikidata	801	1731	50682	50682	2024年9月19日	2026年7月16日
73	Wikipedia - Wikidata	Wikipedia - Wikidata	673	458	2025年6月30日	2 天前
112736	112736	2025年8月3日	2 天前
73	Latin - Wikidata	Latin - Wikidata	443	303	179926	179926	2025年3月21日	14 天前
73	Belgium - Wikidata	Belgium - Wikidata	848	946	50707	50707	2025年5月20日	昨天
73	Canada - Wikidata	Canada - Wikidata	856	1254	50652	50652	2026年2月18日	14 天前
73	Brazil - Wikidata	Brazil - Wikidata	810	1231	50642	50642	2024年9月20日	2026年6月28日
73	Spanish - Wikidata	Spanish - Wikidata	529	359	179481	179481	2026年2月15日	2026年6月10日
72	Israel - Wikidata	Israel - Wikidata	779	1071	50690	50690	2025年11月2日	2026年6月10日
72	Portugal - Wikidata	Portugal - Wikidata	725	762	50657	50657	2025年7月18日	2026年5月27日
72	Douglas Adams - Wikidata	Douglas Adams - Wikidata	478	525	3383	3383	2026年7月27日	2026年7月27日
72	Australia - Wikidata	Australia - Wikidata	1161	1929	50679	50679	2025年2月11日	2026年7月15日
72	Moon - Wikidata	Moon - Wikidata	532	365	57855	57855	2026年2月16日	2026年6月21日
72	Python - Wikidata	Python - Wikidata	709	291	2025年6月26日	2026年4月30日
379092	379092	2025年11月16日	2026年4月30日
72	Norway - Wikidata	Norway - Wikidata	778	912	50661	50661	2025年5月26日	2026年7月12日
72	Earth - Wikidata	Earth - Wikidata	670	729	2026年1月26日	2026年7月12日
51788	51788	2025年2月14日	2026年7月12日
71	Poland - Wikidata	Poland - Wikidata	803	1015	50656	50656	2025年2月26日	4 天前
71	Japan - Wikidata	Japan - Wikidata	874	1153	50653	50653	2024年9月17日	2 天前
70	Saudi Arabia - Wikidata	Saudi Arabia - Wikidata	629	870	50655	50655	2025年7月14日	2026年5月27日
70	Martin Luther King Jr. - Wikidata	Martin Luther King Jr. - Wikidata	565	575	2194	2194	2025年7月27日	2026年7月21日
70	Russian Empire - Wikidata	Russian Empire - Wikidata	255	334	2026年3月25日	2026年5月13日
51439	51439	2024年9月22日	2026年5月13日
70	Turkish - Wikidata	Turkish - Wikidata	361	288	181321	181321	2025年10月10日	9 天前
70	Banksy - Wikidata	Banksy - Wikidata	240	317	2024年11月2日	2026年4月19日
47589	47589	2025年8月18日	2026年4月19日
70	artificial intelligence - Wikidata	artificial intelligence - Wikidata	385	291	446100	446100	2026年4月20日	2026年4月20日
69	COVID-19 - Wikidata	COVID-19 - Wikidata	517	456	115321	115321	2025年4月29日	2026年4月14日
69	Greece - Wikidata	Greece - Wikidata	747	954	50659	50659	2025年12月5日	2026年8月1日
语言： 英语	链接类型：文本	链接放置： 内容	源页面已失效或为空。请联系网站所有者报告问题。
Wiki	EN	文本	内容
69	white - Wikidata	white - Wikidata	258	157	51931	51931	2025年2月5日	2026年4月13日
68	Greek - Wikidata	Greek - Wikidata	363	254	2025年7月1日	2026年5月5日
180045	180045	2026年1月9日	2026年5月5日
68	Abraham Lincoln - Wikidata	Abraham Lincoln - Wikidata	682	667	330	330	2025年3月15日	2026年7月9日
68	William Shakespeare - Wikidata	William Shakespeare - Wikidata	1119	905	776	776	2025年2月23日	2026年7月10日
68	Reddit - Wikidata	Reddit - Wikidata	254	264	51841	51841	2025年2月21日	2026年6月27日
68	Bill Nye - Wikidata	Bill Nye - Wikidata	157	253	2055	2055	2026年3月23日	2026年6月25日
68	Java - Wikidata	Java - Wikidata	319	262	2024年12月27日	2026年7月31日
197235	197235	2026年2月28日	2026年7月31日
68	Instagram - Wikidata	Instagram - Wikidata	304	258	51799	51799	2024年10月23日	2026年6月28日
67	Prince - Wikidata	Prince - Wikidata	398	538	132	132	2025年5月28日	2026年6月17日
67	artist - Wikidata	artist - Wikidata	200	161	2025年2月4日	2026年7月26日
592	592	2025年2月4日	2026年7月26日
67	Sweden - Wikidata	Sweden - Wikidata	773	987	50658	50658	2026年5月21日	2026年6月16日
67	Donald Trump - Wikidata	Donald Trump - Wikidata	1022	946	449	449	2025年7月17日	19 小时前
67	Johann Sebastian Bach - Wikidata	Johann Sebastian Bach - Wikidata	669	734	2026年1月23日	8 天前
5670	5670	2025年2月21日	8 天前
67	Jack Ma - Wikidata	Jack Ma - Wikidata	174	208	22144	22144	2025年6月18日	2026年4月4日
66	Philippines - Wikidata	Philippines - Wikidata	679	1028	50700	50700	2026年1月8日	2026年6月26日
66	X - Wikidata	X - Wikidata	516	396	51798	51798	2025年2月21日	2026年6月13日
66	Batman: The Animated Series - Wikidata	Batman: The Animated Series - Wikidata	112	258	198	198	2024年2月24日	2026年6月10日
66	Angela Merkel - Wikidata	Angela Merkel - Wikidata	611	789	3353	3353	2025年8月3日	2026年5月28日
66	Adventure Time - Wikidata	Adventure Time - Wikidata	162	303	141	141	2025年7月26日	13 天前
66	Sun - Wikidata	Sun - Wikidata	510	808	57854	57854	2024年12月17日	2026年5月21日
66	Amazon - Wikidata	Amazon - Wikidata	417	451	57679	57679	2024年12月31日	2026年7月29日
66	Facebook - Wikidata	Facebook - Wikidata	448	311	51797	51797	2026年1月29日	14 天前
66	Denmark - Wikidata	Denmark - Wikidata	702	979	50672	50672	2025年2月13日	2026年6月10日
66	Wolfgang Amadeus Mozart - Wikidata	Wolfgang Amadeus Mozart - Wikidata	724	757	5669	5669	2026年1月15日	2026年8月2日
66	Indonesia - Wikidata	Indonesia - Wikidata	682	931	50702	50702	2025年5月20日	2026年7月8日
66	universe - Wikidata	universe - Wikidata	384	310	2025年3月7日	4 天前
59069	59069	2025年3月7日	4 天前
65	Chile - Wikidata	Chile - Wikidata	671	710	50651	50651	2026年3月29日	2026年7月24日
65	statistics - Wikidata	statistics - Wikidata	325	243	256314	256314	2025年2月13日	2026年7月16日
65	Thomas Jefferson - Wikidata	Thomas Jefferson - Wikidata	536	594	343	343	2025年2月11日	2026年7月12日
Prev	Next	Page:	of	793
文本	2026年7月27日	内容	新增
外链建设	文本	内容	Nofollow
内容创意	76	Diana, Princess of Wales - Wikidata	Diana, Princess of Wales - Wikidata	403	481	18700	18700	2025年4月9日	2026年6月8日
其他	语言： 英语	链接类型：文本	链接放置： 内容
其他	文本	内容	Nofollow
内容创意	72	Italian - Wikidata	Italian - Wikidata	449	327	179941	179941	2025年5月23日	2026年6月21日
其他	70	Saudi Arabia - Wikidata	Saudi Arabia - Wikidata	629	870	50655	50655	2025年7月14日	2026年5月27日
外链建设	70	Saudi Arabia - Wikidata	Saudi Arabia - Wikidata	629	870	50655	50655	2025年7月14日	2026年5月27日
内容创意	文本	内容	Nofollow
其他	69	piano - Wikidata	piano - Wikidata	276	207	188131	188131	2025年1月21日	2026年4月1日
内容创意	69	COVID-19 - Wikidata	COVID-19 - Wikidata	517	456	115321	115321	2025年4月29日	2026年4月14日
内容创意	68	Abraham Lincoln - Wikidata	Abraham Lincoln - Wikidata	682	667	330	330	2025年3月15日	2026年7月9日
其他	197235	197235	2026年2月28日	2026年7月31日
外链建设	197235	197235	2026年2月28日	2026年7月31日
外链建设	Prev	Next	Page:	of	793