0	🏆🏆Boost your Google rankings with Premium PBN & Link Building🏆🏆	🏆🏆Boost your Google rankings with Premium PBN & Link Building🏆🏆	3000	12	7 天前	7 天前
内容创意	文本	2026年8月16日	新增
0	❤️ URL Shared ❤️	❤️ URL Shared ❤️	3500	21	sbti.support	sbti.support	2026年6月17日	2026年6月17日
0	High-quality backlink service 2026/04/14/319 | toplikevideo.com	High-quality backlink service 2026/04/14/319 | toplikevideo.com	2149	115	sbti.support	sbti.support	2026年5月8日	2026年7月19日
0	3001	23	sbti.support	sbti.support	2026年4月29日	2026年7月25日
0	3001	25	sbti.support	sbti.support	2026年4月29日	2 天前
0	🏆🏆Boost your Google rankings with Premium PBN & Link Building🏆🏆	🏆🏆Boost your Google rankings with Premium PBN & Link Building🏆🏆	3000	12	2026年7月1日	13 小时前
0	🏆🏆Boost your Google rankings with Premium PBN & Link Building🏆🏆	🏆🏆Boost your Google rankings with Premium PBN & Link Building🏆🏆	3000	12	2026年7月29日	4 天前
0	🏆🏆Boost your Google rankings with Premium PBN & Link Building🏆🏆	🏆🏆Boost your Google rankings with Premium PBN & Link Building🏆🏆	3000	12	2026年7月3日	昨天
0	3501	25	2026年5月14日	14 天前
博客	EN	移动友好	Nofollow
0	무료 SBTI 테스트 — 27가지 유형·사이트 링크·결과 해석 완전 정리 2026 -	무료 SBTI 테스트 — 27가지 유형·사이트 링크·결과 해석 완전 정리 2026 -	16	26	📖 유형 전체 도감	📖 유형 전체 도감	2026年6月19日	2026年6月19日
KO	移动友好	文本	内容
0	My Ahrefs DR Rose from 15 to 40 Thanks to Fiverr PBN Links 🎯 ★★★★★	My Ahrefs DR Rose from 15 to 40 Thanks to Fiverr PBN Links 🎯 ★★★★★	5001	70	2026年5月4日	2026年7月30日
0	5001	70	2026年5月5日	12 天前
0	My Moz DA Increased from 25 to 45 Thanks to Fiverr Backlinks 📊 ★★★★★	My Moz DA Increased from 25 to 45 Thanks to Fiverr Backlinks 📊 ★★★★★	5001	70	My website's DR jumped from 15 to a whopping 60 with Fiverr links 🔝	My website's DR jumped from 15 to a whopping 60 with Fiverr links 🔝	2026年5月2日	2 天前
0	✅ Website Stats 📊	✅ Website Stats 📊	3500	21	sbti.support	sbti.support	2026年7月13日	2026年7月13日
EN	移动友好	文本	Nofollow
0	❤️ URL Shared ❤️	❤️ URL Shared ❤️	3500	21	sbti.support	sbti.support	2026年7月1日	2026年7月1日
0	✅ Website Stats 📊	✅ Website Stats 📊	3500	21	sbti.support	sbti.support	2 天前	2 天前
0	High-quality backlink 2026/04/14/319 | 8coint.com	High-quality backlink 2026/04/14/319 | 8coint.com	2145	116	sbti.support	sbti.support	2026年5月5日	3 天前
0	🏆🏆Boost your Google rankings with Premium PBN & Link Building🏆🏆	🏆🏆Boost your Google rankings with Premium PBN & Link Building🏆🏆	3000	12	21 小时前	21 小时前
Prev	Next	Page:	of	1
其他	0	3001	25	sbti.support	sbti.support	2026年4月29日	2 天前
外链建设	0	3001	25	sbti.support	sbti.support	2026年4月29日	2 天前
其他	jameslinks.agency/high-quality-seo-backlinks-1320/	链接类型：文本	链接放置： 内容
外链建设	Prev	Next	Page:	of	1