URL	(133,064)	点击量	变动	点击量趋势	桌面端 vs. 移动端	关键词	热搜关键词	SERP features
op.gg	1.7M	查看趋势	3,162	所有关键词	opgg
op.gg/ko	416.3K	查看趋势	412	所有关键词	opgg
3	op.gg/palworld/breeding	2.33%	2,059%	palworld breeding calculator
4	op.gg/lol/summoners/euw/Thrindel-EUW	1.45%	192%	thrindel.website	-
5	op.gg/es	211.3K	1.31%	18%	查看趋势	455	所有关键词	opgg
6	op.gg/ja	184.5K	1.14%	查看趋势	235	所有关键词	opgg
op.gg/zh-tw	153.6K	查看趋势	161	所有关键词	opgg
op.gg/fr	145.7K	查看趋势	219	所有关键词	opgg
9	op.gg/palworld/tiers	0.82%	1,584%	palworld tier list
10	op.gg/lol/champions	0.69%	2.5%	opgg
11	op.gg/lol/summoners/euw/Thrindel-EUW/ingame	97.1K	0.60%	152%	查看趋势	2	所有关键词	thrindel.website	-
12	op.gg/pt	90.1K	0.56%	查看趋势	306	所有关键词	opgg
op.gg/zh-cn	82.4K	查看趋势	65	所有关键词	opgg
op.gg/ko/palworld	74.5K	查看趋势	104	所有关键词	팰월드
15	op.gg/valorant	0.42%	4.6%	opgg
16	op.gg/palworld/map	0.39%	724%	palworld map
17	op.gg/ko/palworld/tiers	62.4K	0.39%	538%	查看趋势	211	所有关键词	팰월드 티어
18	op.gg/ko/palworld/breeding	52.1K	0.32%	查看趋势	126	所有关键词	팰월드 교배
op.gg/ko/palworld/breeding/route	50.3K	查看趋势	106	所有关键词	팰월드 교배
op.gg/lol/modes/aram-mayhem	49.6K	查看趋势	1,560	所有关键词	aram mayhem builds
21	op.gg/lol/classic	0.30%	> 5,000%	lol classic builds
22	op.gg/zh-tw/palworld/map	0.27%	203%	帕魯地圖
23	op.gg/fortnite/shop	42.8K	0.26%	479%	查看趋势	200	所有关键词	fortnite item shop	-
24	op.gg/desktop/en	36.6K	0.23%	查看趋势	291	所有关键词	opgg
op.gg/pl	35.2K	查看趋势	157	所有关键词	opgg
op.gg/pokemon-champions	35.1K	查看趋势	968	所有关键词	pokemon champions tier list
27	op.gg/zh-tw/palworld/breeding/route	0.21%	289%	帕魯配種
28	op.gg/tft	0.21%	-19%	opgg
29	op.gg/lol/champions/ezreal/build	33.6K	0.21%	7%	查看趋势	399	所有关键词	ezreal build	-
30	op.gg/zh-tw/lol/modes/aram-mayhem	33K	0.20%	查看趋势	403	所有关键词	opgg
op.gg/ru	32K	查看趋势	145	所有关键词	оп гг
op.gg/lol/champions/kaisa/build	31.1K	查看趋势	347	所有关键词	kaisa build
33	op.gg/de	0.19%	-22%	opgg
34	op.gg/ru/valorant/crosshairs	0.18%	-24%	прицелы валорант	-
35	op.gg/ko/lol/modes/aram-mayhem	29.9K	0.18%	2.5%	查看趋势	368	所有关键词	증바람지지	-
36	op.gg/valorant/crosshairs	29.4K	0.18%	查看趋势	1,195	所有关键词	valorant crosshairs
op.gg/pt/valorant/crosshairs	29.3K	查看趋势	208	所有关键词	miras valorant
op.gg/lol/champions/locke/build	28.5K	查看趋势	452	所有关键词	locke build
39	op.gg/lol/champions/jhin/build	0.17%	-6.1%	jhin build	-
40	op.gg/es/lol/champions	0.16%	0.3%	opgg
41	op.gg/zh-cn/lol/champions	26.2K	0.16%	-24%	查看趋势	49	所有关键词	opgg
42	op.gg/palworld	26.2K	0.16%	查看趋势	251	所有关键词	palworld gg
op.gg/es/valorant/crosshairs	25.7K	查看趋势	203	所有关键词	miras valorant
op.gg/zh-tw/valorant/crosshairs	25.6K	查看趋势	212	所有关键词	特戰準星
45	op.gg/lol/leaderboards/tier	0.16%	-30%	opgg
46	op.gg/vi	0.15%	-7.9%	opgg
47	op.gg/ko/palworld/pals	24.2K	0.15%	412%	查看趋势	56	所有关键词	팰월드 도감
48	op.gg/lol/champions/vayne/build	24.2K	0.15%	查看趋势	333	所有关键词	vayne build
op.gg/lol/champions/masteryi/build	24K	查看趋势	396	所有关键词	master yi build
op.gg/lol/champions/seraphine/build	23.7K	查看趋势	370	所有关键词	seraphine build
51	op.gg/ru/palworld/map	0.15%	2,353%	palworld карта	-
52	op.gg/ko/lol/modes/aram	0.15%	-34%	증바람
53	op.gg/lol/modes/aram-mayhem/vayne/build	23.1K	0.14%	17%	查看趋势	143	所有关键词	vayne aram mayhem
54	op.gg/ja/lol/champions	22.2K	0.14%	查看趋势	288	所有关键词	opgg
op.gg/lol/champions/jinx/build	22K	查看趋势	222	所有关键词	jinx build
op.gg/lol/champions/ahri/build	21.8K	查看趋势	284	所有关键词	ahri build
57	op.gg/ko/lol/classic	0.13%	> 5,000%	롤 클래식	-
58	op.gg/ko/lol/summoners/kr/구글공짜야동은야스닷컴과야코지지-구글검색해	0.13%	-26%	야스야동	-
59	op.gg/lol/champions/lucian/build	21.4K	0.13%	8.5%	查看趋势	194	所有关键词	lucian build	-
60	op.gg/lol/champions/katarina/build	20.8K	0.13%	查看趋势	340	所有关键词	katarina build	-
op.gg/valorant/skins	20.5K	查看趋势	650	所有关键词	valorant skins
op.gg/lol/modes/aram-mayhem/senna/build	20.4K	查看趋势	158	所有关键词	senna aram mayhem
63	op.gg/lol/champions/caitlyn/build	0.13%	-39%	caitlyn build
64	op.gg/lol/modes/aram-mayhem/ashe/build	0.13%	-12%	ashe aram mayhem
65	op.gg/lol/modes/aram-mayhem/kaisa/build	20.3K	0.13%	-18%	查看趋势	151	所有关键词	kaisa aram mayhem
66	op.gg/lol/champions/yasuo/build	20.3K	0.13%	查看趋势	435	所有关键词	yasuo build	-
op.gg/lol/champions/sylas/build	20K	查看趋势	309	所有关键词	sylas build
op.gg/lol/champions/shyvana/build	20K	查看趋势	274	所有关键词	shyvana build
69	op.gg/lol/champions/ashe/build	0.12%	-29%	ashe build
70	op.gg/lol/champions/viego/build	0.12%	2.7%	viego build	-
71	op.gg/lol/champions/graves/build	19.3K	0.12%	48%	查看趋势	195	所有关键词	graves build
72	op.gg/lol/modes/aram-mayhem/jhin/build	19.2K	0.12%	查看趋势	119	所有关键词	jhin aram mayhem	-
op.gg/lol/champions/teemo/build	19K	查看趋势	404	所有关键词	teemo build
op.gg/lol/modes/aram-mayhem/caitlyn/build	18.8K	查看趋势	142	所有关键词	caitlyn aram mayhem
75	op.gg/lol/champions/tristana/build	0.11%	25%	tristana build	-
76	op.gg/vi/lol/summoners/na/Lmss-LAS	0.11%	1%	lmss	-
77	op.gg/lol/statistics/tiers	18.4K	0.11%	-13%	查看趋势	639	所有关键词	league rank distribution
78	op.gg/lol/summoners/EUW/Grindolo-1312	18.4K	0.11%	查看趋势	1	所有关键词	grindolo.site	-
op.gg/zh-tw/tft	18.2K	查看趋势	87	所有关键词	opgg
op.gg/lol/champions/smolder/build	18K	查看趋势	237	所有关键词	smolder build
81	op.gg/lol/modes/aram-mayhem/jinx/build	0.11%	11%	jinx aram mayhem
82	op.gg/lol/statistics/champions	0.11%	-12%	winrate lol
83	op.gg/lol/champions/jax/build	17.7K	0.11%	-7.4%	查看趋势	311	所有关键词	jax build	-
84	op.gg/lol/champions/nocturne/build	17.6K	0.11%	查看趋势	240	所有关键词	nocturne build	-
esports.op.gg/leagues/LCK	17.5K	查看趋势	166	所有关键词	lck
op.gg/pubg	17.3K	查看趋势	238	所有关键词	op.gg
87	op.gg/lol/champions/zed/build	0.10%	20%	zed build	-
88	op.gg/lol/modes/aram-mayhem/kayle/build	0.10%	8.6%	kayle aram mayhem
89	op.gg/zh-cn/palworld	16.8K	0.10%	414%	查看趋势	21	所有关键词	幻兽帕鲁	-
90	op.gg/lol/champions/nasus/build	16.7K	0.10%	查看趋势	330	所有关键词	nasus build	-
op.gg/lol/champions/yone/build	16.6K	查看趋势	244	所有关键词	yone build
op.gg/lol/modes/arena	16.6K	查看趋势	831	所有关键词	arena tier list
93	op.gg/lol/summoners/na/jynxzi-mvp	0.10%	-32%	jynzxi league of legends	-
94	op.gg/lol/modes/aram-mayhem/ezreal/build	0.10%	3.8%	ezreal aram mayhem
95	op.gg/es/lol/champions/jinx/build	16.1K	0.10%	10%	查看趋势	103	所有关键词	jinx
96	op.gg/lol/classic/items	16.1K	0.10%	新	查看趋势	228	所有关键词	league classic items
op.gg/lol/champions/yunara/build	15.8K	查看趋势	219	所有关键词	yunara build
op.gg/lol/champions/garen/build	15.7K	查看趋势	246	所有关键词	garen build
99	pal.op.gg/ko	0.10%	251%	opgg 팰월드	-
100	op.gg/lol/modes/aram-mayhem/smolder/build	0.10%	-29%	smolder aram mayhem
3	op.gg/palworld/breeding	376.9K	2.33%	2,059%	查看趋势	895	所有关键词	palworld breeding calculator
4	op.gg/lol/summoners/euw/Thrindel-EUW	234K	1.45%	查看趋势	2	所有关键词	thrindel.website	-
op.gg/es	211.3K	查看趋势	455	所有关键词	opgg
op.gg/ja	184.5K	查看趋势	235	所有关键词	opgg
7	op.gg/zh-tw	0.95%	-11%	opgg
8	op.gg/fr	0.90%	28%	opgg
9	op.gg/palworld/tiers	132.1K	0.82%	1,584%	查看趋势	979	所有关键词	palworld tier list
10	op.gg/lol/champions	110.8K	0.69%	查看趋势	2,353	所有关键词	opgg
op.gg/lol/summoners/euw/Thrindel-EUW/ingame	97.1K	查看趋势	2	所有关键词	thrindel.website
op.gg/pt	90.1K	查看趋势	306	所有关键词	opgg
13	op.gg/zh-cn	0.51%	102%	opgg
14	op.gg/ko/palworld	0.46%	534%	팰월드	-
15	op.gg/valorant	67.2K	0.42%	4.6%	查看趋势	1,242	所有关键词	opgg
16	op.gg/palworld/map	63.7K	0.39%	查看趋势	1,094	所有关键词	palworld map
op.gg/ko/palworld/tiers	62.4K	查看趋势	211	所有关键词	팰월드 티어
op.gg/ko/palworld/breeding	52.1K	查看趋势	126	所有关键词	팰월드 교배
19	op.gg/ko/palworld/breeding/route	0.31%	464%	팰월드 교배	-
20	op.gg/lol/modes/aram-mayhem	0.31%	-12%	aram mayhem builds
21	op.gg/lol/classic	48.8K	0.30%	> 5,000%	查看趋势	570	所有关键词	lol classic builds
22	op.gg/zh-tw/palworld/map	43K	0.27%	查看趋势	430	所有关键词	帕魯地圖
op.gg/fortnite/shop	42.8K	查看趋势	200	所有关键词	fortnite item shop
op.gg/desktop/en	36.6K	查看趋势	291	所有关键词	opgg
25	op.gg/pl	0.22%	-17%	opgg
26	op.gg/pokemon-champions	0.22%	-55%	pokemon champions tier list
27	op.gg/zh-tw/palworld/breeding/route	34.6K	0.21%	289%	查看趋势	102	所有关键词	帕魯配種
28	op.gg/tft	33.8K	0.21%	查看趋势	1,155	所有关键词	opgg
op.gg/lol/champions/ezreal/build	33.6K	查看趋势	399	所有关键词	ezreal build
op.gg/zh-tw/lol/modes/aram-mayhem	33K	查看趋势	403	所有关键词	opgg
31	op.gg/ru	0.20%	28%	оп гг
32	op.gg/lol/champions/kaisa/build	0.19%	-15%	kaisa build	-
33	op.gg/de	31K	0.19%	-22%	查看趋势	188	所有关键词	opgg
34	op.gg/ru/valorant/crosshairs	29.9K	0.18%	查看趋势	230	所有关键词	прицелы валорант	-
op.gg/ko/lol/modes/aram-mayhem	29.9K	查看趋势	368	所有关键词	증바람지지
op.gg/valorant/crosshairs	29.4K	查看趋势	1,195	所有关键词	valorant crosshairs
37	op.gg/pt/valorant/crosshairs	0.18%	10%	miras valorant	-
38	op.gg/lol/champions/locke/build	0.18%	-56%	locke build
39	op.gg/lol/champions/jhin/build	28.2K	0.17%	-6.1%	查看趋势	294	所有关键词	jhin build	-
40	op.gg/es/lol/champions	26.5K	0.16%	查看趋势	826	所有关键词	opgg
op.gg/zh-cn/lol/champions	26.2K	查看趋势	49	所有关键词	opgg
op.gg/palworld	26.2K	查看趋势	251	所有关键词	palworld gg
43	op.gg/es/valorant/crosshairs	0.16%	9.1%	miras valorant	-
44	op.gg/zh-tw/valorant/crosshairs	0.16%	-7.9%	特戰準星	-
45	op.gg/lol/leaderboards/tier	25.2K	0.16%	-30%	查看趋势	1,062	所有关键词	opgg
46	op.gg/vi	25K	0.15%	查看趋势	212	所有关键词	opgg
op.gg/ko/palworld/pals	24.2K	查看趋势	56	所有关键词	팰월드 도감
op.gg/lol/champions/vayne/build	24.2K	查看趋势	333	所有关键词	vayne build
49	op.gg/lol/champions/masteryi/build	0.15%	-14%	master yi build	-
50	op.gg/lol/champions/seraphine/build	0.15%	2.6%	seraphine build
51	op.gg/ru/palworld/map	23.6K	0.15%	2,353%	查看趋势	185	所有关键词	palworld карта	-
52	op.gg/ko/lol/modes/aram	23.5K	0.15%	查看趋势	213	所有关键词	증바람
op.gg/lol/modes/aram-mayhem/vayne/build	23.1K	查看趋势	143	所有关键词	vayne aram mayhem
op.gg/ja/lol/champions	22.2K	查看趋势	288	所有关键词	opgg
55	op.gg/lol/champions/jinx/build	0.14%	14%	jinx build	-
56	op.gg/lol/champions/ahri/build	0.13%	14%	ahri build	-
57	op.gg/ko/lol/classic	21.6K	0.13%	> 5,000%	查看趋势	76	所有关键词	롤 클래식	-
58	op.gg/ko/lol/summoners/kr/구글공짜야동은야스닷컴과야코지지-구글검색해	21.5K	0.13%	查看趋势	19	所有关键词	야스야동	-
op.gg/lol/champions/lucian/build	21.4K	查看趋势	194	所有关键词	lucian build
op.gg/lol/champions/katarina/build	20.8K	查看趋势	340	所有关键词	katarina build
61	op.gg/valorant/skins	0.13%	-8.2%	valorant skins
62	op.gg/lol/modes/aram-mayhem/senna/build	0.13%	-12%	senna aram mayhem
63	op.gg/lol/champions/caitlyn/build	20.3K	0.13%	-39%	查看趋势	319	所有关键词	caitlyn build
64	op.gg/lol/modes/aram-mayhem/ashe/build	20.3K	0.13%	查看趋势	203	所有关键词	ashe aram mayhem
op.gg/lol/modes/aram-mayhem/kaisa/build	20.3K	查看趋势	151	所有关键词	kaisa aram mayhem
op.gg/lol/champions/yasuo/build	20.3K	查看趋势	435	所有关键词	yasuo build
67	op.gg/lol/champions/sylas/build	0.12%	-13%	sylas build	-
68	op.gg/lol/champions/shyvana/build	0.12%	-1.2%	shyvana build	-
69	op.gg/lol/champions/ashe/build	19.9K	0.12%	-29%	查看趋势	326	所有关键词	ashe build
70	op.gg/lol/champions/viego/build	19.8K	0.12%	查看趋势	256	所有关键词	viego build	-
op.gg/lol/champions/graves/build	19.3K	查看趋势	195	所有关键词	graves build
op.gg/lol/modes/aram-mayhem/jhin/build	19.2K	查看趋势	119	所有关键词	jhin aram mayhem
73	op.gg/lol/champions/teemo/build	0.12%	23%	teemo build
74	op.gg/lol/modes/aram-mayhem/caitlyn/build	0.12%	4%	caitlyn aram mayhem
75	op.gg/lol/champions/tristana/build	18.6K	0.11%	25%	查看趋势	263	所有关键词	tristana build	-
76	op.gg/vi/lol/summoners/na/Lmss-LAS	18.5K	0.11%	查看趋势	4	所有关键词	lmss	-
op.gg/lol/statistics/tiers	18.4K	查看趋势	639	所有关键词	league rank distribution
op.gg/lol/summoners/EUW/Grindolo-1312	18.4K	查看趋势	1	所有关键词	grindolo.site
79	op.gg/zh-tw/tft	0.11%	17%	opgg
80	op.gg/lol/champions/smolder/build	0.11%	-27%	smolder build
81	op.gg/lol/modes/aram-mayhem/jinx/build	17.9K	0.11%	11%	查看趋势	115	所有关键词	jinx aram mayhem
82	op.gg/lol/statistics/champions	17.8K	0.11%	查看趋势	769	所有关键词	winrate lol
op.gg/lol/champions/jax/build	17.7K	查看趋势	311	所有关键词	jax build
op.gg/lol/champions/nocturne/build	17.6K	查看趋势	240	所有关键词	nocturne build
85	esports.op.gg/leagues/LCK	0.11%	440%	lck	-
86	op.gg/pubg	0.11%	121%	op.gg
87	op.gg/lol/champions/zed/build	16.9K	0.10%	20%	查看趋势	215	所有关键词	zed build	-
88	op.gg/lol/modes/aram-mayhem/kayle/build	16.8K	0.10%	查看趋势	84	所有关键词	kayle aram mayhem
op.gg/zh-cn/palworld	16.8K	查看趋势	21	所有关键词	幻兽帕鲁
op.gg/lol/champions/nasus/build	16.7K	查看趋势	330	所有关键词	nasus build
91	op.gg/lol/champions/yone/build	0.10%	-27%	yone build	-
92	op.gg/lol/modes/arena	0.10%	-33%	arena tier list
93	op.gg/lol/summoners/na/jynxzi-mvp	16.4K	0.10%	-32%	查看趋势	130	所有关键词	jynzxi league of legends	-
94	op.gg/lol/modes/aram-mayhem/ezreal/build	16.3K	0.10%	查看趋势	137	所有关键词	ezreal aram mayhem
op.gg/es/lol/champions/jinx/build	16.1K	查看趋势	103	所有关键词	jinx
op.gg/lol/classic/items	16.1K	查看趋势	228	所有关键词	league classic items
97	op.gg/lol/champions/yunara/build	0.10%	-21%	yunara build
98	op.gg/lol/champions/garen/build	0.10%	4.7%	garen build	-
99	pal.op.gg/ko	15.7K	0.10%	251%	查看趋势	74	所有关键词	opgg 팰월드	-
100	op.gg/lol/modes/aram-mayhem/smolder/build	15.6K	0.10%	查看趋势	110	所有关键词	smolder aram mayhem
8	op.gg/fr	145.7K	0.90%	查看趋势	219	所有关键词	opgg
op.gg/palworld/tiers	132.1K	查看趋势	979	所有关键词	palworld tier list
op.gg/lol/champions	110.8K	查看趋势	2,353	所有关键词	opgg
11	op.gg/lol/summoners/euw/Thrindel-EUW/ingame	0.60%	152%	thrindel.website	-
12	op.gg/pt	0.56%	21%	opgg
13	op.gg/zh-cn	82.4K	0.51%	102%	查看趋势	65	所有关键词	opgg
14	op.gg/ko/palworld	74.5K	0.46%	查看趋势	104	所有关键词	팰월드	-
op.gg/valorant	67.2K	查看趋势	1,242	所有关键词	opgg
op.gg/palworld/map	63.7K	查看趋势	1,094	所有关键词	palworld map
17	op.gg/ko/palworld/tiers	0.39%	538%	팰월드 티어
18	op.gg/ko/palworld/breeding	0.32%	1,218%	팰월드 교배
19	op.gg/ko/palworld/breeding/route	50.3K	0.31%	464%	查看趋势	106	所有关键词	팰월드 교배	-
20	op.gg/lol/modes/aram-mayhem	49.6K	0.31%	查看趋势	1,560	所有关键词	aram mayhem builds
op.gg/lol/classic	48.8K	查看趋势	570	所有关键词	lol classic builds
op.gg/zh-tw/palworld/map	43K	查看趋势	430	所有关键词	帕魯地圖
23	op.gg/fortnite/shop	0.26%	479%	fortnite item shop	-
24	op.gg/desktop/en	0.23%	19%	opgg
25	op.gg/pl	35.2K	0.22%	-17%	查看趋势	157	所有关键词	opgg
26	op.gg/pokemon-champions	35.1K	0.22%	查看趋势	968	所有关键词	pokemon champions tier list
op.gg/zh-tw/palworld/breeding/route	34.6K	查看趋势	102	所有关键词	帕魯配種
op.gg/tft	33.8K	查看趋势	1,155	所有关键词	opgg
29	op.gg/lol/champions/ezreal/build	0.21%	7%	ezreal build	-
30	op.gg/zh-tw/lol/modes/aram-mayhem	0.20%	1.3%	opgg
31	op.gg/ru	32K	0.20%	28%	查看趋势	145	所有关键词	оп гг
32	op.gg/lol/champions/kaisa/build	31.1K	0.19%	查看趋势	347	所有关键词	kaisa build	-
op.gg/de	31K	查看趋势	188	所有关键词	opgg
op.gg/ru/valorant/crosshairs	29.9K	查看趋势	230	所有关键词	прицелы валорант
35	op.gg/ko/lol/modes/aram-mayhem	0.18%	2.5%	증바람지지	-
36	op.gg/valorant/crosshairs	0.18%	-22%	valorant crosshairs
37	op.gg/pt/valorant/crosshairs	29.3K	0.18%	10%	查看趋势	208	所有关键词	miras valorant	-
38	op.gg/lol/champions/locke/build	28.5K	0.18%	查看趋势	452	所有关键词	locke build
op.gg/lol/champions/jhin/build	28.2K	查看趋势	294	所有关键词	jhin build
op.gg/es/lol/champions	26.5K	查看趋势	826	所有关键词	opgg
41	op.gg/zh-cn/lol/champions	0.16%	-24%	opgg
42	op.gg/palworld	0.16%	1,468%	palworld gg
43	op.gg/es/valorant/crosshairs	25.7K	0.16%	9.1%	查看趋势	203	所有关键词	miras valorant	-
44	op.gg/zh-tw/valorant/crosshairs	25.6K	0.16%	查看趋势	212	所有关键词	特戰準星	-
op.gg/lol/leaderboards/tier	25.2K	查看趋势	1,062	所有关键词	opgg
op.gg/vi	25K	查看趋势	212	所有关键词	opgg
47	op.gg/ko/palworld/pals	0.15%	412%	팰월드 도감
48	op.gg/lol/champions/vayne/build	0.15%	1.3%	vayne build
49	op.gg/lol/champions/masteryi/build	24K	0.15%	-14%	查看趋势	396	所有关键词	master yi build	-
50	op.gg/lol/champions/seraphine/build	23.7K	0.15%	查看趋势	370	所有关键词	seraphine build
op.gg/ru/palworld/map	23.6K	查看趋势	185	所有关键词	palworld карта
op.gg/ko/lol/modes/aram	23.5K	查看趋势	213	所有关键词	증바람
53	op.gg/lol/modes/aram-mayhem/vayne/build	0.14%	17%	vayne aram mayhem
54	op.gg/ja/lol/champions	0.14%	-19%	opgg
55	op.gg/lol/champions/jinx/build	22K	0.14%	14%	查看趋势	222	所有关键词	jinx build	-
56	op.gg/lol/champions/ahri/build	21.8K	0.13%	查看趋势	284	所有关键词	ahri build	-
op.gg/ko/lol/classic	21.6K	查看趋势	76	所有关键词	롤 클래식
op.gg/ko/lol/summoners/kr/구글공짜야동은야스닷컴과야코지지-구글검색해	21.5K	查看趋势	19	所有关键词	야스야동
59	op.gg/lol/champions/lucian/build	0.13%	8.5%	lucian build	-
60	op.gg/lol/champions/katarina/build	0.13%	13%	katarina build	-
61	op.gg/valorant/skins	20.5K	0.13%	-8.2%	查看趋势	650	所有关键词	valorant skins
62	op.gg/lol/modes/aram-mayhem/senna/build	20.4K	0.13%	查看趋势	158	所有关键词	senna aram mayhem
op.gg/lol/champions/caitlyn/build	20.3K	查看趋势	319	所有关键词	caitlyn build
op.gg/lol/modes/aram-mayhem/ashe/build	20.3K	查看趋势	203	所有关键词	ashe aram mayhem
65	op.gg/lol/modes/aram-mayhem/kaisa/build	0.13%	-18%	kaisa aram mayhem
66	op.gg/lol/champions/yasuo/build	0.13%	-6.4%	yasuo build	-
67	op.gg/lol/champions/sylas/build	20K	0.12%	-13%	查看趋势	309	所有关键词	sylas build	-
68	op.gg/lol/champions/shyvana/build	20K	0.12%	查看趋势	274	所有关键词	shyvana build	-
op.gg/lol/champions/ashe/build	19.9K	查看趋势	326	所有关键词	ashe build
op.gg/lol/champions/viego/build	19.8K	查看趋势	256	所有关键词	viego build
71	op.gg/lol/champions/graves/build	0.12%	48%	graves build
72	op.gg/lol/modes/aram-mayhem/jhin/build	0.12%	11%	jhin aram mayhem	-
73	op.gg/lol/champions/teemo/build	19K	0.12%	23%	查看趋势	404	所有关键词	teemo build
74	op.gg/lol/modes/aram-mayhem/caitlyn/build	18.8K	0.12%	查看趋势	142	所有关键词	caitlyn aram mayhem
op.gg/lol/champions/tristana/build	18.6K	查看趋势	263	所有关键词	tristana build
op.gg/vi/lol/summoners/na/Lmss-LAS	18.5K	查看趋势	4	所有关键词	lmss
77	op.gg/lol/statistics/tiers	0.11%	-13%	league rank distribution
78	op.gg/lol/summoners/EUW/Grindolo-1312	0.11%	533%	grindolo.site	-
79	op.gg/zh-tw/tft	18.2K	0.11%	17%	查看趋势	87	所有关键词	opgg
80	op.gg/lol/champions/smolder/build	18K	0.11%	查看趋势	237	所有关键词	smolder build
op.gg/lol/modes/aram-mayhem/jinx/build	17.9K	查看趋势	115	所有关键词	jinx aram mayhem
op.gg/lol/statistics/champions	17.8K	查看趋势	769	所有关键词	winrate lol
83	op.gg/lol/champions/jax/build	0.11%	-7.4%	jax build	-
84	op.gg/lol/champions/nocturne/build	0.11%	11%	nocturne build	-
85	esports.op.gg/leagues/LCK	17.5K	0.11%	440%	查看趋势	166	所有关键词	lck	-
86	op.gg/pubg	17.3K	0.11%	查看趋势	238	所有关键词	op.gg
op.gg/lol/champions/zed/build	16.9K	查看趋势	215	所有关键词	zed build
op.gg/lol/modes/aram-mayhem/kayle/build	16.8K	查看趋势	84	所有关键词	kayle aram mayhem
89	op.gg/zh-cn/palworld	0.10%	414%	幻兽帕鲁	-
90	op.gg/lol/champions/nasus/build	0.10%	25%	nasus build	-
91	op.gg/lol/champions/yone/build	16.6K	0.10%	-27%	查看趋势	244	所有关键词	yone build	-
92	op.gg/lol/modes/arena	16.6K	0.10%	查看趋势	831	所有关键词	arena tier list
op.gg/lol/summoners/na/jynxzi-mvp	16.4K	查看趋势	130	所有关键词	jynzxi league of legends
op.gg/lol/modes/aram-mayhem/ezreal/build	16.3K	查看趋势	137	所有关键词	ezreal aram mayhem
95	op.gg/es/lol/champions/jinx/build	0.10%	10%	jinx
96	op.gg/lol/classic/items	0.10%	新	league classic items
97	op.gg/lol/champions/yunara/build	15.8K	0.10%	-21%	查看趋势	219	所有关键词	yunara build
98	op.gg/lol/champions/garen/build	15.7K	0.10%	查看趋势	246	所有关键词	garen build	-
pal.op.gg/ko	15.7K	查看趋势	74	所有关键词	opgg 팰월드
op.gg/lol/modes/aram-mayhem/smolder/build	15.6K	查看趋势	110	所有关键词	smolder aram mayhem
43K	查看趋势	430	所有关键词	帕魯地圖