0	关键词	28,669	关键词	18	关键词	0	关键词	4,058	关键词
1	thrindel.website	332.4K	179%	-	-	NAV	16.1M	227%	1M	-	14.53%	-	—	op.gg/lol/summoners/euw/Thrindel-EUW	5
2	palworld breeding calculator	136.1K	1.24%	1,707%	62	-	NAV	2M	293%	211.2K	$1.30	18.17%	-	—	op.gg/palworld/breeding	10
3	palworld tier list	64.4K	2,476%	-	-	INFO	225.9K	267%	21.7K	-	27.17%	-	—	op.gg/palworld/tiers	10
4	fortnite item shop	41.3K	0.38%	676%	40	-	NAV	3.1M	19%	2.9M	$1.71	62.73%	-	—	op.gg/fortnite/shop	1
5	팰월드 교배	40K	565%	14	-	INFO	68.1K	197%	9.2K	-	13.51%	-	—	op.gg/ko/palworld/breeding/route	2
6	pal breeding calculator	32.5K	0.30%	>5000%	63	-	INFO	273.6K	580%	22.9K	-	24.23%	-	—	op.gg/palworld/breeding	4
7	palworld breeding calculator 1.0	29.3K	687%	56	-	NAV	INFO	311.6K	82%	32.4K	-	19.26%	-	—	op.gg/palworld/breeding	2
8	kaisa build	25.3K	0.23%	4.5%	12	-	INFO	102.8K	13%	101.1K	$0.38	41.05%	-	—	op.gg/lol/champions/kaisa/build	20
9	caitlyn build	24.8K	0.6%	14	-	INFO	112.7K	1.7%	114.2K	$0.39	43.31%	-	—	op.gg/lol/champions/caitlyn/build	24
10	locke build	24.3K	0.22%	62%	-	-	INFO	120.6K	74%	45.5K	-	33.75%	-	—	op.gg/lol/champions/locke/build	27
11	pokemon champions tier list	23K	55%	3	-	INFO	54.9K	81%	48.6K	-	41.00%	-	—	op.gg/pokemon-champions	17
12	aram mayhem	22K	0.20%	35%	9	-	INFO	117.6K	1.6%	119.8K	$0.31	53.42%	-	—	op.gg/lol/modes/aram-mayhem	38
13	vulrack.website	21.7K	35%	4	-	NAV	14M	197%	921.2K	-	18.76%	-	—	op.gg/pl/lol/summoners/euw/Vulrack-EUW	13
14	grindolo.site	21.7K	0.20%	292%	28	-	INFO	580.5K	256%	29.5K	-	73.64%	-	—	op.gg/lol/summoners/EUW/Grindolo-1312	12
15	seraphine build	21.2K	20%	11	-	INFO	89K	6.5%	54.6K	$0.25	43.54%	-	—	op.gg/lol/champions/seraphine/build	25
16	breeding calculator palworld	20.6K	0.19%	>5000%	61	-	NAV	292.7K	605%	21.8K	-	21.30%	-	—	op.gg/palworld/breeding	7
17	야스야동	20.5K	23%	67	-	INFO	619K	12%	449.6K	-	12.92%	-	—	op.gg/ko/lol/summoners/kr/구글공짜야동은야스닷컴과야코지지-구글검색해	2
18	팰월드 티어	20.4K	0.19%	362%	-	-	INFO	31.2K	262%	2.6K	-	43.41%	-	—	op.gg/ko/palworld/tiers	3
19	lmss	20.3K	4.4%	65	-	NAV	36.7K	0.5%	40.4K	$0.55	20.40%	-	—	op.gg/vi/lol/summoners/na/Lmss-LAS	7
20	ezreal build	19.9K	0.18%	6.8%	12	-	INFO	97.6K	5.4%	95.8K	$0.48	41.96%	-	—	op.gg/lol/champions/ezreal/build	17
21	jhin build	19K	5.7%	9	-	INFO	99.4K	7.3%	98.7K	$0.43	42.31%	-	—	op.gg/lol/champions/jhin/build	14
22	miras valorant	18.7K	0.17%	8.5%	24	-	INFO	29.8K	2.6%	35.6K	$0.52	42.59%	-	—	op.gg/es/valorant/crosshairs	3
23	shyvana build	17.9K	13%	4	-	INFO	71.9K	6.3%	72.6K	$0.58	41.99%	-	—	op.gg/lol/champions/shyvana/build	19
24	ahri build	17.3K	0.16%	25%	8	-	INFO	83.4K	16%	76.9K	$0.22	45.20%	-	—	op.gg/lol/champions/ahri/build	23
25	palworld breeding guide	17K	NEW	60	-	NAV	INFO	379.7K	554%	36.9K	$3.86	31.01%	-	—	op.gg/palworld/breeding	2
26	jinx build	16.9K	0.15%	9.3%	8	-	INFO	94.3K	11%	100.8K	$0.32	44.99%	-	—	op.gg/lol/champions/jinx/build	18
27	帕魯地圖	16.8K	234%	58	-	INFO	46.7K	63%	5.5K	-	41.70%	-	—	op.gg/zh-tw/palworld/map	1
28	帕魯配種	16.6K	0.15%	150%	55	-	INFO	43K	94%	5.1K	-	13.09%	-	—	op.gg/zh-tw/palworld/breeding/route	4
29	팰월드	16.5K	659%	59	3	INFO	244.7K	26%	52.8K	$0.92	46.13%	-	—	op.gg/ko/palworld	3
30	прицелы валорант	16.4K	0.15%	15%	29	-	INFO	17.8K	12%	23.2K	-	33.73%	-	—	op.gg/ru/valorant/crosshairs	2
31	tft	15.9K	5.8%	48	1	NAV	INFO	581.9K	8.3%	938.1K	$0.80	56.16%	-	—	op.gg/ja/tft/meta-trends/comps	41
32	senna build	15.9K	0.14%	41%	8	-	INFO	78.3K	40%	78.6K	$0.24	42.29%	-	—	op.gg/lol/champions/senna/build	25
33	smolder build	15.6K	12%	8	-	INFO	67.9K	13%	106.9K	$0.35	38.55%	-	—	op.gg/lol/champions/smolder/build	18
34	vayne aram mayhem	15.6K	0.14%	5.6%	-	-	INFO	44.4K	7.6%	19.4K	-	48.38%	-	—	op.gg/lol/modes/aram-mayhem/vayne/build	26
35	ashe build	15.6K	25%	9	-	INFO	86.4K	13%	108.3K	$0.30	43.89%	-	—	op.gg/lol/champions/ashe/build	19
36	aram mayhem builds	15.5K	0.14%	29%	7	-	INFO	49.9K	23%	34K	$0.53	41.77%	-	—	op.gg/lol/modes/aram-mayhem	24
37	miss fortune build	15.5K	2.5%	28	-	INFO	78.6K	4.6%	95.9K	$0.34	45.12%	-	—	op.gg/lol/champions/missfortune/build	20
38	palworld map	15.5K	0.14%	1,091%	37	-	NAV	1.9M	166%	255.7K	$1.26	26.96%	-	—	op.gg/palworld/map	10
39	vayne build	15.3K	2.0%	8	-	INFO	83.8K	7.6%	99.4K	$0.32	39.35%	-	—	op.gg/lol/champions/vayne/build	19
40	yunara build	14.7K	0.13%	4.9%	9	-	INFO	63.6K	4.3%	101.3K	$0.31	41.16%	-	—	op.gg/lol/champions/yunara/build	18
41	palworld breeding	14.6K	>5000%	61	-	NAV	353.9K	385%	33.8K	-	22.35%	-	—	op.gg/palworld/breeding	2
42	pal breeding	14.6K	0.13%	>5000%	26	-	INFO	183.2K	423%	16.4K	$1.57	40.02%	-	—	op.gg/palworld/breeding	4
43	breeding calculator palworld 1.0	14.1K	2,367%	55	-	INFO	102.3K	288%	8K	-	19.90%	-	—	op.gg/palworld/breeding	2
44	팰월드 도감	13.7K	0.12%	398%	-	-	INFO	31.4K	183%	3K	-	31.07%	-	—	op.gg/ko/palworld/pals	3
45	jinx aram mayhem	13.6K	30%	-	-	INFO	39.4K	17%	20.3K	-	48.94%	-	—	op.gg/lol/modes/aram-mayhem/jinx/build	27
46	lucian build	13K	0.12%	7.0%	8	-	INFO	65.3K	2.1%	65.5K	$0.34	40.08%	-	—	op.gg/lol/champions/lucian/build	16
47	팰월드 교배식	13K	445%	14	-	NAV	23.8K	272%	3K	-	28.46%	-	—	op.gg/ko/palworld/breeding/route	2
48	yasuo build	12.9K	0.12%	26%	8	-	INFO	70K	0.4%	69.2K	$0.33	42.46%	-	—	op.gg/lol/champions/yasuo/build	16
49	jhin aram mayhem	12.7K	16%	-	-	INFO	39.5K	9.1%	21.2K	-	52.36%	-	—	op.gg/lol/modes/aram-mayhem/jhin/build	24
50	kayle aram mayhem	12.3K	0.11%	6.4%	-	-	INFO	37.9K	0.6%	20.8K	-	45.91%	-	—	op.gg/lol/modes/aram-mayhem/kayle/build	27
51	yone build	12.2K	28%	5	-	INFO	63.8K	19%	72.5K	$0.29	42.69%	-	—	op.gg/lol/champions/yone/build	21
52	palworld gg	12.2K	0.11%	1,404%	14	-	NAV	254.6K	452%	20.8K	$0.92	23.53%	-	—	op.gg/palworld	10
53	katarina build	12.1K	34%	8	1	INFO	56.5K	0.5%	50.1K	$0.65	45.06%	-	—	op.gg/lol/champions/katarina/build	19
54	sylas build	12.1K	0.11%	0.4%	7	-	INFO	81K	1.1%	77.8K	$0.51	44.29%	-	—	op.gg/lol/champions/sylas/build	28
55	ashe aram mayhem	12K	12%	-	-	INFO	38.2K	7.6%	22.5K	-	47.79%	-	—	op.gg/lol/modes/aram-mayhem/ashe/build	28
56	senna aram mayhem	11.8K	0.11%	21%	-	-	INFO	36.8K	20%	24.4K	-	54.46%	-	—	op.gg/lol/modes/aram-mayhem/senna/build	28
57	caitlyn aram mayhem	11.7K	7.5%	-	-	INFO	35.7K	14%	18.9K	-	58.48%	-	—	op.gg/lol/modes/aram-mayhem/caitlyn/build	25
58	kaisa aram mayhem	11.6K	0.11%	28%	-	-	INFO	32.4K	27%	20.8K	-	50.05%	-	—	op.gg/lol/modes/aram-mayhem/kaisa/build	24
59	tristana build	11.6K	8.8%	8	-	INFO	59.7K	7.1%	56.9K	$0.50	44.35%	-	—	op.gg/lol/champions/tristana/build	13
60	nocturne build	11.4K	0.10%	6.9%	8	-	INFO	62.7K	2.2%	43.1K	$0.37	44.11%	-	—	op.gg/lol/champions/nocturne/build	11
61	veigar build	11.3K	80%	4	-	INFO	64.5K	46%	52.5K	$0.24	42.53%	-	—	op.gg/lol/champions/veigar/build	13
62	valorant tracker	11.2K	0.10%	44%	71	1	NAV	3.2M	0.6%	3.1M	$1.11	12.38%	-	—	op.gg/valorant	7
63	master yi build	11.2K	24%	11	1	INFO	64.5K	12%	54.7K	$0.75	37.96%	-	—	op.gg/lol/champions/masteryi/build	22
64	viego build	11.1K	0.10%	7.3%	10	-	INFO	73.3K	0.8%	77.4K	$0.43	45.45%	-	—	op.gg/lol/champions/viego/build	15
65	xayah build	11K	10%	9	-	INFO	51.7K	12%	49.8K	$0.25	47.42%	-	—	op.gg/lol/champions/xayah/build	15
66	pal tier list	10.9K	0.10%	>5000%	-	-	INFO	48K	525%	4.3K	-	42.51%	-	—	op.gg/palworld/tiers	7
67	gwen build	10.9K	38%	7	1	INFO	45.6K	13%	45.5K	$0.23	42.51%	-	—	op.gg/lol/champions/gwen/build	17
68	twitch aram mayhem	10.8K	0.10%	20%	-	-	INFO	29.4K	28%	20.2K	-	50.72%	-	—	op.gg/lol/modes/aram-mayhem/twitch/build	29
69	jax build	10.7K	18%	8	1	INFO	56.8K	18%	67.5K	$0.37	40.02%	-	—	op.gg/lol/champions/jax/build	16
70	kayn build	10.7K	0.10%	26%	4	-	INFO	63.6K	9.5%	63.9K	$0.36	40.61%	-	—	op.gg/lol/champions/kayn/build	18
71	twitch build	10.7K	14%	5	-	INFO	52.6K	4.1%	56.1K	$0.52	45.33%	-	—	op.gg/lol/champions/twitch/build	16
72	darius build	10.6K	0.10%	13%	9	-	INFO	62.6K	14%	62.8K	$0.38	43.61%	-	—	op.gg/lol/champions/darius/build	19
73	zed build	10.4K	22%	11	-	INFO	52.7K	11%	54.4K	$0.38	44.97%	-	—	op.gg/lol/champions/zed/build	17
74	graves build	10.3K	0.09%	31%	8	-	INFO	60.2K	21%	41.3K	$0.35	42.73%	-	—	op.gg/lol/champions/graves/build	16
75	mordekaiser build	10.1K	10%	5	-	INFO	63.1K	32%	60K	$0.40	42.97%	-	—	op.gg/lol/champions/mordekaiser/build	27
76	ezreal aram mayhem	10K	0.09%	12%	-	-	INFO	35.5K	12%	20.6K	-	51.99%	-	—	op.gg/lol/modes/aram-mayhem/ezreal/build	25
77	lol classic builds	10K	>5000%	-	-	INFO	265.5K	>5000%	8.1K	-	20.05%	-	—	op.gg/lol/classic	8
78	特戰準星	9.9K	0.09%	9.0%	55	-	INFO	13.4K	17%	12.2K	$1.32	42.54%	-	—	op.gg/zh-tw/valorant/crosshairs	2
79	smolder aram mayhem	9.8K	40%	-	-	INFO	29.4K	39%	23.9K	-	49.31%	-	—	op.gg/lol/modes/aram-mayhem/smolder/build	28
80	palword пасивные навыки	9.8K	0.09%	NEW	-	-	-	< 50	—	< 50	-	0%	-	—	op.gg/ru/palworld/skills/passive	1	-
81	syndra build	9.8K	92%	9	-	INFO	52.9K	55%	30.9K	$0.91	45.90%	-	—	op.gg/lol/champions/syndra/build	20
82	swain aram mayhem	9.7K	0.09%	2.7%	-	-	INFO	30.7K	1.9%	17.1K	-	45.45%	-	—	op.gg/lol/modes/aram-mayhem/swain/build	23
83	mel build	9.6K	31%	10	-	INFO	41.5K	11%	57.2K	$1.13	45.32%	-	—	op.gg/lol/champions/mel/build	18
84	nasus build	9.6K	0.09%	27%	4	-	INFO	64.1K	3.8%	51.3K	$0.36	42.47%	-	—	op.gg/lol/champions/nasus/build	17
85	brand aram mayhem	9.6K	34%	-	-	INFO	30.6K	2.2%	18.5K	-	50.24%	-	—	op.gg/lol/modes/aram-mayhem/brand/build	20
86	miss fortune aram mayhem	9.4K	0.09%	14%	25	-	INFO	32.6K	8.9%	17.5K	-	57.15%	-	—	op.gg/lol/modes/aram-mayhem/missfortune/build	26
87	아스미 미라이	9.4K	NEW	-	-	INFO	NAV	113.6K	4,383%	9.3K	-	58.97%	-	—	op.gg/ko/lol/summoners/kr/아스미 미라이-KR1	3	-
88	palworld breeding chart	9.4K	0.09%	>5000%	61	-	NAV	71K	374%	7.2K	-	35.75%	-	—	op.gg/palworld/breeding	1
89	sivir aram mayhem	9.2K	17%	-	-	INFO	29.1K	1.6%	14.6K	-	54.17%	-	—	op.gg/lol/modes/aram-mayhem/sivir/build	28
90	shaco build	9.1K	0.08%	19%	7	-	INFO	55.6K	12%	42.8K	$0.60	43.48%	-	—	op.gg/lol/champions/shaco/build	16
91	sett build	9K	14%	6	-	INFO	52.1K	12%	56.9K	$0.56	44.21%	-	—	op.gg/lol/champions/sett/build	20
92	lucian aram mayhem	9K	0.08%	7.4%	-	-	INFO	32.4K	7.8%	18.4K	-	50.96%	-	—	op.gg/lol/modes/aram-mayhem/lucian/build	25
93	briar build	8.9K	3.5%	8	-	INFO	49.9K	2.7%	50.8K	$0.30	42.89%	-	—	op.gg/lol/champions/briar/build	14
94	garen build	8.9K	0.08%	2.4%	7	-	INFO	61.3K	3.9%	65.9K	$0.40	41.16%	-	—	op.gg/lol/champions/garen/build	16
95	palworld pal tier list	8.9K	>5000%	-	-	INFO	39.7K	218%	4K	-	47.65%	-	—	op.gg/palworld/tiers	5
96	xin zhao build	8.7K	0.08%	38%	7	-	INFO	42.7K	28%	55.6K	$0.51	39.93%	-	—	op.gg/lol/champions/xinzhao/build	19
97	palworld breeding combos	8.7K	NEW	54	-	NAV	133.4K	203%	17.4K	$3.78	28.58%	-	—	op.gg/palworld/breeding	2
98	viktor build	8.7K	0.08%	68%	15	-	INFO	43K	52%	32.8K	$0.36	45.16%	-	—	op.gg/lol/champions/viktor/build	14
99	jinx	8.7K	19%	48	1	NAV	INFO	1.4M	4.0%	2.2M	$0.39	60.28%	-	—	op.gg/es/lol/champions/jinx/build	15
100	valorant skins	8.6K	0.08%	19%	26	6	INFO	NAV	32.5K	19%	28.6K	$0.79	43.89%	-	—	op.gg/valorant/skins	5
Cannibalization	长尾机会。	SERP 充满机会。	高流量机会。	低潜力关键词
0.08%	32.5K	28.6K	$0.79	43.89%	-	—