3	personality-database.com/profile?pid=2	0.55%	2.1%	personality database
4	personality-database.com/profile?personality=12	0.46%	9.8%	enfp characters
5	personality-database.com/profile?cid=11&pid=2&sub_cat_id=12930	6.2K	0.43%	13%	查看趋势	141	所有关键词	genshin mbti
6	personality-database.com/profile?cid=8&pid=2	6.1K	0.42%	查看趋势	131	所有关键词	personality database
9	personality-database.com/profile?personality=9	0.34%	6.8%	infj characters
10	personality-database.com/profile?personality=15	0.32%	-27%	intj characters
11	personality-database.com/mobile_search	4.4K	0.30%	122%	查看趋势	33	所有关键词	personality database
12	personality-database.com/vote	4.2K	0.29%	查看趋势	37	所有关键词	personality database
15	wiki.personality-database.com/books/enneagram/page/sexual-4-in-detail	0.23%	49%	sx4 enneagram
16	wiki.personality-database.com/books/enneagram/page/sexual-6-in-detail	0.23%	49%	sx6 enneagram
17	personality-database.com/type/11/infp-anime-characters	3.2K	0.23%	2.5%	查看趋势	52	所有关键词	infp characters
18	personality-database.com/profile?cid=7&pid=2&sub_cat_id=208	3.2K	0.22%	查看趋势	35	所有关键词	mlp mbti	-
21	wiki.personality-database.com/books/enneagram/page/self-preservation-9-in-detail	0.20%	45%	sp9 enneagram
22	personality-database.com/profile?personality=1	0.18%	101%	istj characters	-
23	wiki.personality-database.com/books/enneagram/page/self-preservation-4-in-detail	2.6K	0.18%	26%	查看趋势	49	所有关键词	sp4 enneagram
24	personality-database.com/profile?cid=3&pid=2&sub_cat_id=58651	2.6K	0.18%	查看趋势	25	所有关键词	obsession mbti	-
27	wiki.personality-database.com/books/enneagram/page/social-5-in-detail	0.18%	39%	social 5
28	personality-database.com/profile?pid=1	0.18%	-31%	mbti database
29	wiki.personality-database.com/books/enneagram/page/social-2-in-detail	2.5K	0.18%	70%	查看趋势	27	所有关键词	so2 enneagram
30	wiki.personality-database.com/books/enneagram/page/self-preservation-8-in-detail	2.5K	0.17%	查看趋势	25	所有关键词	sp8 enneagram
33	wiki.personality-database.com/books/enneagram/page/self-preservation-6-in-detail	0.16%	18%	sp6 enneagram
34	0.16%	169%	zendaya mbti	-
35	wiki.personality-database.com/books/enneagram/page/social-4-in-detail	2.3K	0.16%	5%	查看趋势	41	所有关键词	so4 enneagram
36	personality-database.com/profile?cid=8&pid=2&sub_cat_id=6341	2.1K	0.15%	查看趋势	55	所有关键词	jjk mbti	-
39	personality-database.com/profile?personality=7	0.14%	-35%	estp characters
40	wiki.personality-database.com/books/enneagram/page/sexual-5-in-detail	0.14%	-11%	sx5 enneagram
41	personality-database.com/profile?personality=5	2K	0.14%	37%	查看趋势	33	所有关键词	esfp characters
42	wiki.personality-database.com/books/enneagram/page/social-7-in-detail	2K	0.14%	查看趋势	28	所有关键词	so7 enneagram
45	styx.personality-database.com/chemistry	0.13%	23%	mbti compatibility
46	wiki.personality-database.com/books/enneagram/page/self-preservation-7-in-detail	0.13%	5.6%	sp7 enneagram
47	1.9K	0.13%	1,133%	查看趋势	17	所有关键词	spiderman mbti	-
48	wiki.personality-database.com/books/enneagram/page/self-preservation-2-in-detail	1.8K	0.13%	查看趋势	50	所有关键词	sp2 enneagram
51	personality-database.com/profile?cid=8&pid=2&sub_cat_id=205	0.12%	13%	death note mbti	-
52	personality-database.com/es/profile?personality=11	0.12%	-2.4%	infp characters
53	wiki.personality-database.com/books/enneagram/page/sexual-2-in-detail	1.7K	0.12%	-21%	查看趋势	24	所有关键词	sx2 enneagram
54	wiki.personality-database.com/books/enneagram/page/sexual-8-in-detail	1.7K	0.11%	查看趋势	25	所有关键词	sx8 enneagram
57	personality-database.com/type/13/intp-anime-characters	0.11%	-1.2%	intp anime characters	-
58	personality-database.com/profile/569/patrick-jane-the-mentalist-2008-mbti-personality-type	0.11%	56%	patrick jane mbti	-
59	personality-database.com/profile?cid=3&pid=2&sub_cat_id=50334	1.5K	0.10%	1,400%	查看趋势	6	所有关键词	the odyssey mbti	-
60	wiki.personality-database.com/books/enneagram	1.5K	0.10%	查看趋势	41	所有关键词	personality database
63	personality-database.com/profile?cid=12&pid=2&sub_cat_id=5655	0.10%	700%	the odyssey mbti	-
64	wiki.personality-database.com/books/enneagram/page/sexual-7-in-detail	0.10%	-33%	sx7
65	personality-database.com/es/profile?personality=14	1.4K	0.10%	116%	查看趋势	33	所有关键词	entp characters
66	1.4K	0.10%	查看趋势	8	所有关键词	shadow the hedgehog mbti	-
69	personality-database.com/es/profile?personality=9	0.10%	-1.4%	infj characters
70	personality-database.com/profile?cid=8&pid=2&sub_cat_id=9255	0.10%	-12%	blue lock mbti	-
71	wiki.personality-database.com/books/enneagram/page/sexual-3-in-detail	1.4K	0.09%	26%	查看趋势	26	所有关键词	sx3 enneagram
72	personality-database.com/profile?cid=7&pid=2&sub_cat_id=41704	1.3K	0.09%	查看趋势	37	所有关键词	tadc mbti	-
75	personality-database.com/pt	0.09%	313%	personality database
76	personality-database.com/es/profile?personality=13	0.09%	-13%	intp personajes
77	personality-database.com/profile?cid=7&pid=2&sub_cat_id=135	1.3K	0.09%	0	查看趋势	26	所有关键词	avatar the last airbender movie mbti	-
78	personality-database.com/profile?cid=8&pid=2&sub_cat_id=834	1.3K	0.09%	查看趋势	29	所有关键词	my hero academia mbti	-
81	personality-database.com/profile?cid=7&pid=2&sub_cat_id=399	0.09%	563%	rick and morty mbti	-
82	personality-database.com/profile?cid=8&pid=2&sub_cat_id=7881	0.09%	35%	witch hat atelier mbti	-
83	personality-database.com/profile?cid=11&pid=2&sub_cat_id=25477	1.3K	0.09%	3.3%	查看趋势	45	所有关键词	honkai star rail mbti	-
84	personality-database.com/profile?cid=8&pid=2&sub_cat_id=17183	1.2K	0.09%	查看趋势	19	所有关键词	frieren mbti	-
87	personality-database.com/profile?cid=8&pid=2&sub_cat_id=190	0.09%	78%	hunter hunter mbti	-
88	personality-database.com/type/9/infj-anime-characters	0.08%	16%	infj anime characters	-
89	personality-database.com/profile?cid=11&pid=2&sub_cat_id=2190	1.2K	0.08%	-35%	查看趋势	25	所有关键词	deltarune mbti	-
90	1.2K	0.08%	查看趋势	4	所有关键词	tom holland mbti	-
92	personality-database.com/profile/573068/luka-alien-stage-mbti-personality-type	1.1K	0.08%	查看趋势	79	所有关键词	лука алнст мбти	-
93	personality-database.com/profile?cid=8&pid=2&sub_cat_id=3331	0.08%	9.6%	demon slayer mbti	-
94	personality-database.com/profile?cid=8&pid=2&sub_cat_id=398	0.08%	2.8%	isfp pokemon	-
95	personality-database.com/profile?cid=2&pid=2&sub_cat_id=895	1.1K	0.08%	98%	查看趋势	7	所有关键词	hannibal mbti	-
96	personality-database.com/profile?cid=27&pid=2&sub_cat_id=52322	1.1K	0.08%	新	查看趋势	4	所有关键词	spider man brand new day mbti	-
97	personality-database.com/profile/1647639/lamine-yamal-football-mbti-personality-type	1.1K	0.08%	31%	查看趋势	6	所有关键词	lamine yamal mbti	-
98	personality-database.com/type/12/enfp-anime-characters	1.1K	0.08%	查看趋势	22	所有关键词	enfp anime characters	-
99	personality-database.com/es/profile?personality=15	0.08%	-23%	intj
100	personality-database.com/profile?cid=3&pid=2&sub_cat_id=4212	0.07%	346%	descendants mbti	-
URL	(57,188)	点击量	变动	点击量趋势	桌面端 vs. 移动端	关键词	热搜关键词	SERP features
personality-database.com	226.5K	查看趋势	631	所有关键词	personality database
personality-database.com/profile?personality=11	9.1K	查看趋势	140	所有关键词	personality database
personality-database.com/profile?personality=13	6K	查看趋势	88	所有关键词	intp characters
personality-database.com/profile?personality=14	5.2K	查看趋势	90	所有关键词	entp characters
personality-database.com/profile?personality=10	3.8K	查看趋势	71	所有关键词	enfj characters
personality-database.com/ru	3.5K	查看趋势	37	所有关键词	pdb
personality-database.com/profile?personality=16	3.1K	查看趋势	53	所有关键词	entj characters
personality-database.com/profile?personality=6	2.9K	查看趋势	61	所有关键词	isfp characters
personality-database.com/profile?personality=8	2.6K	查看趋势	49	所有关键词	istp characters
wiki.personality-database.com/books/enneagram/page/social-3-in-detail	2.6K	查看趋势	41	所有关键词	so3 enneagram
personality-database.com/profile?cid=11&pid=2&sub_cat_id=31057	2.4K	查看趋势	21	所有关键词	zzz mbti
wiki.personality-database.com	2.4K	查看趋势	42	所有关键词	personality database
wiki.personality-database.com/books/enneagram/page/social-6-in-detail	2.1K	查看趋势	29	所有关键词	so6
wiki.personality-database.com/books/enneagram/page/social-9-in-detail	2.1K	查看趋势	36	所有关键词	social 9
wiki.personality-database.com/books/enneagram/page/social-8-in-detail	2K	查看趋势	18	所有关键词	so8 enneagram
wiki.personality-database.com/books/enneagram/page/self-preservation-5-in-detail	1.9K	查看趋势	28	所有关键词	sp5 enneagram
personality-database.com/profile?cid=7&pid=2&sub_cat_id=33847	1.7K	查看趋势	96	所有关键词	alien stage mbti
personality-database.com/es/profile?personality=12	1.7K	查看趋势	27	所有关键词	enfp characters
personality-database.com/type/8/istp-anime-characters	1.6K	查看趋势	23	所有关键词	istp anime characters
wiki.personality-database.com/books/enneagram/page/self-preservation-3-in-detail	1.6K	查看趋势	26	所有关键词	sp3 enneagram
personality-database.com/profile?cid=8&pid=2&sub_cat_id=89	1.5K	查看趋势	34	所有关键词	naruto mbti
personality-database.com/profile?cid=8&pid=2&sub_cat_id=4275	1.5K	查看趋势	27	所有关键词	chainsaw man mbti
personality-database.com/profile?cid=11&pid=2&sub_cat_id=1376	1.4K	查看趋势	18	所有关键词	danganronpa mbti
personality-database.com/profile?personality=3	1.4K	查看趋势	36	所有关键词	isfj characters
personality-database.com/profile/79815/yuji-itadori-jujutsu-kaisen-mbti-personality-type	1.3K	查看趋势	21	所有关键词	what personality type is yuji itadori
personality-database.com/profile?personality=2	1.3K	查看趋势	23	所有关键词	estj characters
personality-database.com/profile/45/lionel-messi-football-mbti-personality-type	1.3K	查看趋势	14	所有关键词	messi mbti
personality-database.com/profile?cid=2&pid=2&sub_cat_id=70	1.3K	查看趋势	11	所有关键词	the mentalist mbti
wiki.personality-database.com/books/enneagram/page/sexual-9-in-detail	1.2K	查看趋势	36	所有关键词	sx9
personality-database.com/profile?cid=11&pid=2&sub_cat_id=16206	1.2K	查看趋势	3	所有关键词	witch on the holy night mbti
wiki.personality-database.com/books/enneagram/page/social-1-in-detail	1.2K	查看趋势	37	所有关键词	so1 enneagram
personality-database.com/profile/573068/luka-alien-stage-mbti-personality-type	1.1K	查看趋势	79	所有关键词	лука алнст мбти
personality-database.com/profile/1647639/lamine-yamal-football-mbti-personality-type	1.1K	查看趋势	6	所有关键词	lamine yamal mbti
personality-database.com/type/12/enfp-anime-characters	1.1K	查看趋势	22	所有关键词	enfp anime characters
9.1K	查看趋势	140	所有关键词	personality database
personality-database.com/profile?cid=8&pid=2&sub_cat_id=3331	1.1K	查看趋势	17	所有关键词	demon slayer mbti
personality-database.com/profile?cid=8&pid=2&sub_cat_id=398	1.1K	查看趋势	24	所有关键词	isfp pokemon
personality-database.com/es/profile?personality=15	1.1K	查看趋势	34	所有关键词	intj
personality-database.com/profile?cid=3&pid=2&sub_cat_id=4212	1.1K	查看趋势	7	所有关键词	descendants mbti