Keyword,Intent,Volume,Trend,Keyword Difficulty,CPC (USD),Competitive Density,SERP Features
mbti 相性,Commercial,135000,"1.00,1.00,1.00,0.82,0.67,0.67,0.55,0.55,0.67,0.67,0.67,0.67",18,0.18,0.33,"Sitelinks, AI Overview, Image pack, Video, People also ask, Related searches"
エンターテイナー mbti,Informational,110000,"1.00,1.00,1.00,1.00,1.00,0.81,0.67,0.67,0.55,0.67,0.67,0.67",32,0.19,0.33,"AI Overview, Reviews, Video, Video carousel, People also ask, Related searches"
主人公 mbti,Informational,110000,"1.00,1.00,1.00,1.00,1.00,0.81,0.81,0.81,0.81,0.30,0.81,0.81",31,0.14,0.33,"Sitelinks, AI Overview, Video, People also ask, Related searches"
領事館 mbti,Informational,110000,"0.81,1.00,1.00,1.00,0.81,0.81,0.67,0.67,0.81,0.81,0.67,0.55",21,0.59,0.33,"AI Overview, Image pack, Video, People also ask, Related searches"
mbti診断 無料,Informational,90500,"0.55,1.00,0.81,1.00,0.67,0.55,0.55,0.45,0.55,0.55,0.67,0.67",33,0.31,0.49,"AI Overview, Video, People also ask, Related searches"
冒険家 mbti,Informational,90500,"1.00,1.00,1.00,1.00,0.82,0.82,0.82,0.67,0.82,1.00,1.00,0.82",32,0.32,0.33,"Sitelinks, AI Overview, Reviews, Video, People also ask, Related searches"
運動家 mbti,Informational,74000,"1.00,1.00,1.00,1.00,0.82,0.82,0.82,0.67,0.82,1.00,1.00,0.82",30,0.19,0.33,"Sitelinks, AI Overview, Video, People also ask, Related searches"
仲介者 mbti,Informational,60500,"1.00,1.00,1.00,1.00,1.00,0.82,0.82,0.82,0.82,1.00,1.00,0.82",29,0.44,0.33,"Sitelinks, AI Overview, Video, People also ask, Related searches"
擁護者 mbti,Informational,60500,"0.82,1.00,0.82,0.82,0.82,0.67,0.67,0.67,0.67,0.82,0.82,0.82",20,0.18,0.33,"Sitelinks, AI Overview, Video, People also ask, Related searches"
mbti 恋愛,Informational,49500,"0.01,0.01,1.00,0.67,0.20,0.20,0.13,0.07,0.07,0.06,0.06,0.05",31,0.50,0.01,"AI Overview, Image pack, Video, Video carousel, People also ask, Related searches"
mbti 主人公,Informational,40500,"0.82,0.82,0.82,0.82,0.67,0.67,0.67,0.67,0.67,0.82,1.00,0.82",26,0.19,0.33,"Sitelinks, AI Overview, Image, Video, People also ask, Related searches"
建築家 mbti,Informational,40500,"0.55,0.55,0.55,0.55,0.55,0.55,0.45,0.45,0.45,0.67,1.00,0.82",33,0.18,0.33,"Sitelinks, AI Overview, Video, People also ask, Related searches"
指揮官 mbti,Informational,40500,"0.82,1.00,0.82,0.82,0.82,0.67,0.67,0.67,0.82,0.82,1.00,1.00",29,0.47,0.33,"Sitelinks, AI Overview, Video, People also ask, Related searches"
提唱者 mbti,Informational,40500,"0.82,0.82,0.82,0.82,0.82,0.67,0.82,0.67,0.82,0.82,1.00,0.82",29,0.19,0.33,"Sitelinks, AI Overview, Video, People also ask, Related searches"
討論者 mbti,Informational,40500,"1.00,1.00,1.00,1.00,1.00,0.82,0.82,0.82,0.82,1.00,1.00,1.00",29,0.50,0.33,"Sitelinks, AI Overview, Video, People also ask, Related searches"
mbti とは,Informational,33100,"0.67,0.67,0.67,0.67,0.55,0.55,0.55,0.45,0.55,0.55,1.00,0.67",22,0.34,0.19,"AI Overview, Video, People also ask, Related searches"
巨匠 mbti,Informational,33100,"0.82,0.82,0.82,0.67,0.67,0.67,0.55,0.55,0.55,0.67,0.82,1.00",25,0.23,0.33,"Sitelinks, AI Overview, Image pack, Video, Video carousel, People also ask, Related searches"
論理学者 mbti,Informational,33100,"1.00,1.00,1.00,1.00,1.00,0.82,0.82,0.67,0.82,1.00,1.00,0.82",20,0.28,0.33,"Sitelinks, AI Overview, Video, Video carousel, People also ask, Related searches"
起業家 mbti,Informational,27100,"1.00,1.00,1.00,0.82,0.67,0.67,0.67,0.55,0.67,0.82,0.82,0.82",24,0.42,0.33,"Sitelinks, AI Overview, Video, Video carousel, People also ask, Related searches"
mbti エンターテイナー,Informational,22200,"1.00,1.00,1.00,1.00,0.82,0.82,0.82,0.67,0.82,0.82,1.00,1.00",31,0.43,0.33,"AI Overview, Reviews, Image pack, Video, People also ask, Related searches"
mbti 巨匠,Informational,18100,"1.00,1.00,1.00,0.82,0.82,0.82,0.82,0.67,0.82,0.82,1.00,0.55",24,0.29,0.33,"Sitelinks, AI Overview, Reviews, Video, People also ask, Related searches"
mbti 診断 相性,Informational,18100,"1.00,1.00,1.00,0.82,0.67,0.55,0.55,0.45,0.55,0.45,0.45,0.37",15,0.43,0.01,"Sitelinks, AI Overview, Video, People also ask, Related searches"
幹部 mbti,Informational,18100,"1.00,1.00,0.82,0.82,0.82,0.82,0.67,0.67,0.67,0.82,0.82,0.82",19,0.66,0.33,"Sitelinks, AI Overview, Video, People also ask, Related searches"
mbti 意味,Informational,14800,"1.00,1.00,1.00,1.00,1.00,0.82,1.00,0.82,1.00,1.00,0.82,0.67",21,0.46,0.33,"AI Overview, Image pack, Video, People also ask, Related searches"
mbti 運動家,Informational,14800,"1.00,1.00,1.00,1.00,0.82,0.82,0.82,0.67,0.82,1.00,1.00,1.00",28,0.18,0.33,"Sitelinks, AI Overview, Video, People also ask, Related searches"
mbti 割合,Informational,12100,"0.82,1.00,1.00,0.82,0.82,0.82,0.67,0.55,0.67,0.82,1.00,0.67",20,0.00,0.33,"Sitelinks, AI Overview, Image pack, People also ask, Related searches"
mbti診断 無料 安全,Informational,12100,"1.00,1.00,1.00,0.82,0.55,0.55,0.55,0.55,0.55,0.36,0.45,0.36",30,0.28,0.34,"AI Overview, Reviews, Video, People also ask, Related searches, Ads bottom"
恋愛mbti 相性,Commercial,12100,"0.00,0.00,1.00,0.67,0.24,0.24,0.16,0.11,0.13,0.13,0.16,0.11",34,0.53,0.33,"Video, People also ask, Related searches"
mbti 幹部,Informational,9900,"1.00,1.00,1.00,0.82,1.00,0.82,0.82,0.67,0.67,0.82,0.82,0.67",19,0.00,0.33,"Sitelinks, AI Overview, Video, People also ask, Related searches"
mbti 相性 一覧,Informational,9900,"0.82,1.00,0.67,1.00,0.55,0.67,0.67,0.67,0.82,0.82,0.67,0.67",14,0.03,0.33,"Sitelinks, Image pack, People also ask, Related searches"
mbti診断 無料 おすすめ,Informational,9900,"0.55,1.00,1.00,0.67,0.45,0.45,0.45,0.36,0.67,0.55,0.55,0.45",30,0.29,0.44,"AI Overview, Reviews, Video, People also ask, Related searches"
mbti infp,Informational,8100,"0.82,0.82,0.82,0.82,0.67,0.67,0.67,0.55,0.82,0.82,1.00,0.82",23,0.53,0.01,"Sitelinks, AI Overview, Reviews, Image pack, Video, Video carousel, People also ask, Related searches"
mbti キャラ,Informational,8100,"0.82,1.00,0.82,0.82,0.67,0.67,0.67,0.55,0.55,0.55,0.67,0.55",18,0.00,0.33,"Image pack, Video, People also ask, Related searches"
mbti ランキング,Informational,8100,"1.00,1.00,1.00,0.82,0.67,0.82,0.67,0.67,0.67,0.82,0.82,0.67",19,0.00,0.33,"Sitelinks, AI Overview, Image pack, Video, People also ask, Related searches"
mbti 無料,Informational,8100,"0.24,0.30,0.30,0.30,0.24,0.30,0.30,0.55,0.55,0.45,1.00,0.55",31,0.34,0.53,"Reviews, Video, People also ask, Related searches"
mbti 起業 家,Informational,8100,"1.00,1.00,1.00,1.00,0.82,0.82,0.67,0.67,0.82,0.82,1.00,0.82",21,0.38,0.33,"Sitelinks, AI Overview, Image pack, Video, People also ask, Related searches"
mbti enfp,Informational,6600,"1.00,1.00,1.00,1.00,0.81,0.81,0.81,0.67,0.81,0.81,1.00,0.81",23,0.19,0.33,"AI Overview, Reviews, Image pack, Video, Video carousel, People also ask, Related searches"
mbti infj,Informational,6600,"0.81,1.00,1.00,0.81,0.81,0.81,0.81,0.81,0.81,1.00,1.00,1.00",22,0.49,0.01,"Sitelinks, AI Overview, Video, Video carousel, People also ask, Related searches"
mbti isfp,Informational,6600,"1.00,1.00,1.00,1.00,0.82,0.82,0.82,0.82,0.82,1.00,1.00,1.00",29,0.33,0.01,"Sitelinks, AI Overview, Reviews, Image pack, Video, Video carousel, People also ask, Related searches"
mbti 特徴,Informational,6600,"1.00,1.00,1.00,0.81,0.81,0.81,0.67,0.67,0.81,0.81,0.81,0.44",26,0.35,0.33,"Image pack, Video, People also ask, Related searches"
mbti 解説,Informational,6600,"0.82,0.82,1.00,1.00,1.00,1.00,1.00,0.82,1.00,1.00,1.00,1.00",27,0.43,0.01,"AI Overview, Image pack, Video, Video carousel, People also ask, Related searches"
mbti診断 どれがいい,Informational,6600,"0.45,0.67,0.67,0.30,0.24,0.24,0.20,0.30,0.24,0.55,1.00,0.67",34,0.39,0.26,"Sitelinks, AI Overview, Video, People also ask, Related searches"
トモコレ mbti,Informational,6600,"0.02,0.02,0.02,0.02,0.01,0.01,0.02,0.02,0.13,1.00,0.82,0.30",30,0.00,0.33,"Sitelinks, Image, Image pack, Video, Related searches"
鬼 滅 の 刃 mbti,Informational,6600,"1.00,1.00,0.45,0.20,0.13,0.11,0.11,0.09,0.09,0.09,0.09,0.07",33,0.00,0.33,"Sitelinks, Image pack, Video, Short videos, People also ask, Related searches"
mbti 日本 人 に 多い,Informational,5400,"0.82,1.00,1.00,0.36,0.07,0.09,0.09,0.07,0.06,0.07,0.06,0.07",22,0.00,0.33,"Sitelinks, AI Overview, Image pack, Video, People also ask, Related searches"
mbti 日本 人 割合,Informational,5400,"1.00,1.00,1.00,0.67,0.36,0.67,0.67,0.67,0.44,0.82,1.00,0.82",20,0.00,0.33,"Sitelinks, AI Overview, People also ask, Related searches"
mbti 簡単,Informational,5400,"0.82,1.00,0.82,0.67,0.67,0.67,0.67,0.55,0.67,0.67,0.82,0.67",32,0.17,0.14,"Image pack, Video, People also ask, Related searches"
mbti intj,Informational,4400,"1.00,1.00,1.00,1.00,0.82,0.82,0.82,0.82,0.82,1.00,1.00,1.00",26,0.26,0.33,"Sitelinks, AI Overview, Video, Video carousel, People also ask, Related searches"
mbti intp,Informational,4400,"1.00,1.00,1.00,1.00,0.82,0.82,0.82,0.82,0.82,1.00,1.00,1.00",22,0.30,0.01,"Sitelinks, AI Overview, Video, Video carousel, People also ask, Related searches"
mbti isfj,Informational,4400,"0.81,1.00,1.00,0.81,0.67,0.81,0.81,0.67,0.81,1.00,1.00,0.81",18,0.04,0.33,"AI Overview, Image pack, Video, People also ask, Related searches"
mbti アルファベット 意味,Informational,4400,"0.67,0.67,0.67,0.81,0.81,0.81,0.81,0.81,0.81,1.00,1.00,1.00",31,0.00,0.33,"AI Overview, Video, Related searches"
mbti 冒険家 相性,Informational,4400,"1.00,1.00,1.00,1.00,0.82,0.82,0.82,0.66,0.82,0.82,1.00,0.82",20,0.02,0.33,"Sitelinks, AI Overview, Video, People also ask"
音楽 mbti,Informational,4400,"0.00,0.00,0.00,0.13,0.00,0.00,0.00,0.00,1.00,0.03,0.02,0.01",25,0.00,0.33,"AI Overview, Video, People also ask, Related searches"
mbti enfj,Informational,3600,"1.00,1.00,1.00,1.00,0.82,0.82,0.82,0.66,0.82,0.82,1.00,0.82",24,0.20,0.01,"Sitelinks, AI Overview, Image pack, Video, People also ask, Related searches"
mbti entp,Informational,3600,"0.82,0.82,1.00,0.82,0.66,0.82,0.82,0.66,0.66,0.82,0.82,0.82",21,0.44,0.33,"Sitelinks, AI Overview, Video, People also ask, Related searches"
mbti istp,Informational,3600,"1.00,1.00,1.00,0.82,0.82,0.82,0.82,0.66,0.82,0.82,0.82,0.82",23,0.11,0.01,"Sitelinks, AI Overview, Video, Video carousel, People also ask, Related searches"
mbti 主人公 相性,Informational,3600,"0.81,1.00,0.81,0.81,0.81,0.81,0.81,0.81,0.81,0.81,1.00,0.81",24,0.01,0.01,"Sitelinks, AI Overview, Image pack, Video, People also ask, Related searches"
mbti 心理 機能,Informational,3600,"1.00,1.00,0.82,0.66,0.66,0.82,0.82,0.82,0.82,0.66,0.66,0.66",17,0.62,0.33,"AI Overview, Video, Related searches"
mbti 测试,Informational,3600,"0.82,0.82,0.66,0.66,0.66,0.82,0.82,0.66,0.66,1.00,0.66,0.66",34,0.42,0.19,"Reviews, Video, People also ask, Related searches"
mbti 相性 恋愛,Informational,3600,"0.55,0.55,0.82,1.00,0.36,0.36,0.29,0.29,0.36,0.36,0.55,0.44",15,0.00,0.33,"Sitelinks, Image pack, Video, People also ask, Related searches"
mbti 簡単 診断,Informational,3600,"1.00,0.81,0.67,0.67,0.54,0.54,0.67,0.54,0.67,0.81,0.81,0.81",33,0.19,0.18,"Image pack, Video, People also ask, Related searches"
mbti 違い,Informational,3600,"0.82,0.82,0.82,0.82,0.82,0.66,0.66,0.66,0.82,0.82,1.00,0.82",16,0.00,0.33,"Sitelinks, AI Overview, Image pack, Video, People also ask, Related searches"
treasure mbti,Informational,3600,"0.67,1.00,0.81,0.67,0.44,0.54,0.54,0.54,0.67,0.54,0.67,0.54",30,0.00,0.00,"Sitelinks, Image pack, Video, People also ask, Related searches"
ハイキュー mbti,Informational,3600,"1.00,1.00,0.82,0.66,1.00,0.82,0.66,0.55,0.55,0.43,0.55,0.55",18,0.00,0.33,"Sitelinks, Image, Image pack, Video, People also ask, Related searches"
ワンピース mbti,Informational,3600,"1.00,1.00,0.82,0.82,1.00,0.66,0.82,0.55,0.82,0.82,0.82,0.55",29,0.00,0.33,"Featured snippet, Image, Image pack, Related searches"
mbti entj,Informational,2900,"0.81,0.81,0.81,0.81,0.67,0.67,0.67,0.67,0.81,0.81,1.00,0.81",18,0.15,0.01,"Sitelinks, AI Overview, Video, Video carousel, People also ask, Related searches"
mbti esfp,Informational,2900,"1.00,1.00,1.00,0.81,0.81,0.81,0.67,0.67,0.67,0.81,0.81,0.81",18,0.18,0.33,"AI Overview, Video, Video carousel, People also ask, Related searches"
mbti istj,Informational,2900,"0.81,1.00,1.00,0.81,0.67,1.00,0.81,0.67,0.81,1.00,1.00,1.00",19,0.20,0.01,"Sitelinks, Video, Video carousel, People also ask, Related searches"
mbti 説明,Informational,2900,"0.81,1.00,0.81,0.81,0.81,0.81,0.81,0.81,1.00,1.00,0.67,0.53",17,0.76,0.01,"Image pack, Video, Related searches"
主人公 mbti相性,Informational,2900,"0.66,0.66,0.66,0.66,0.66,0.55,0.55,0.55,0.66,0.55,1.00,1.00",17,0.01,0.01,"Sitelinks, AI Overview, Video, Video carousel, People also ask, Related searches"
性格診断 mbti おすすめ,Informational,2900,"0.00,0.00,0.00,0.00,0.07,0.82,0.67,0.55,0.67,1.00,1.00,0.45",27,0.12,0.30,"Video, People also ask, Related searches"
mbti e,Informational,2400,"1.00,1.00,1.00,0.83,0.66,0.66,0.66,0.55,0.66,0.83,0.83,0.83",34,0.66,0.33,"Sitelinks, AI Overview, Video, People also ask, Related searches"
mbti p,Informational,2400,"1.00,1.00,1.00,0.79,0.79,0.79,0.79,0.79,0.79,1.00,1.00,1.00",34,0.00,0.33,"Sitelinks, AI Overview, Video, People also ask, Related searches"
mbti 割合 日本,Informational,2400,"0.81,1.00,1.00,0.81,0.53,0.67,0.67,0.53,0.44,0.53,0.81,0.67",19,0.00,0.33,"Sitelinks, AI Overview, People also ask, Related searches"
mbti 動物,Informational,2400,"0.29,0.20,1.00,0.44,0.24,0.29,0.29,0.20,0.20,0.29,0.29,0.29",22,0.49,0.01,"Image pack, Video, People also ask, Related searches"
エニアグラム mbti,Informational,2400,"1.00,0.83,0.66,0.66,0.66,1.00,0.55,0.66,0.55,0.55,0.55,0.55",24,0.41,0.04,"Sitelinks, AI Overview, People also ask, Related searches"
ハンター ハンター mbti,Informational,2400,"1.00,1.00,0.83,0.83,0.83,0.83,0.83,0.66,0.66,0.55,0.83,0.83",25,0.00,0.33,"Video, People also ask, Related searches"
ヒロアカ mbti,Informational,2400,"0.55,0.66,0.43,0.66,0.66,1.00,0.55,0.43,0.36,0.43,0.55,0.36",24,0.00,0.33,"Sitelinks, Image pack, Video, Related searches"
主人公 mbti 相性,Informational,2400,"0.67,0.67,0.67,0.67,0.67,0.53,0.53,0.53,0.67,0.53,1.00,0.81",16,0.01,0.01,"Sitelinks, AI Overview, Image pack, Video, People also ask, Related searches"
仲介者 mbti 相性,Informational,2400,"1.00,1.00,1.00,1.00,0.83,0.66,0.66,0.45,0.55,0.55,0.66,0.55",25,0.00,0.33,"Sitelinks, AI Overview, Video, Video carousel, People also ask, Related searches"
建築家 mbti 相性,Informational,2400,"1.00,1.00,1.00,0.81,0.53,0.53,0.36,0.36,0.53,0.53,0.53,0.53",17,0.01,0.01,"Sitelinks, AI Overview, Video, People also ask"
運動家 mbti 相性,Informational,2400,"1.00,0.83,1.00,0.83,0.83,0.66,0.66,0.55,0.66,0.66,0.83,0.66",16,0.01,0.01,"Sitelinks, AI Overview, Video, Video carousel, Short videos, People also ask, Related searches"
領事館 mbti 相性,Informational,2400,"1.00,1.00,1.00,1.00,1.00,0.79,0.79,0.79,0.79,1.00,1.00,0.79",16,0.00,0.33,"Sitelinks, Image pack, Video, People also ask, Related searches"
mbti estj,Informational,1900,"1.00,0.79,1.00,0.79,0.67,1.00,0.79,0.67,0.79,0.79,0.79,0.67",27,0.16,0.01,"Image pack, Video, People also ask, Related searches"
mbti estp,Informational,1900,"1.00,1.00,1.00,0.79,0.79,0.79,0.79,0.67,0.79,0.79,0.79,0.79",18,0.19,0.33,"AI Overview, Image pack, Video, People also ask, Related searches"
mbti i,Informational,1900,"1.00,1.00,1.00,0.79,0.67,0.67,0.67,0.67,0.67,0.79,0.79,0.79",30,0.68,0.01,"AI Overview, Video, People also ask, Related searches"
mbti エンターテイナー 相性,Informational,1900,"1.00,1.00,1.00,1.00,1.00,0.84,0.84,0.84,0.84,0.84,1.00,1.00",16,0.01,0.01,"Sitelinks, Image pack, Video, Video carousel, People also ask, Related searches"
mbti 変わる,Informational,1900,"1.00,1.00,1.00,0.79,0.67,0.79,0.79,0.67,0.67,0.79,0.79,0.67",33,0.52,0.01,"Sitelinks, AI Overview, Video, People also ask, Related searches"
mbti 建築家 相性,Commercial,1900,"1.00,1.00,0.79,0.79,0.67,0.67,0.67,0.54,0.67,0.67,0.79,0.79",18,0.01,0.01,"Sitelinks, Video, People also ask, Related searches"
mbti 運動家 相性,Informational,1900,"1.00,0.83,0.83,0.83,0.66,0.66,0.66,0.55,0.55,0.66,0.83,0.55",17,0.01,0.02,"Sitelinks, AI Overview, Video, Video carousel, People also ask, Related searches"
mbti診断 提唱者,Informational,1900,"0.81,1.00,0.81,0.81,0.67,0.53,0.53,0.44,0.53,0.67,0.67,0.67",20,0.17,0.01,"Sitelinks, AI Overview, Reviews, Video, People also ask, Related searches"
twice mbti,Informational,1900,"0.83,0.66,0.83,0.83,1.00,0.83,0.55,0.55,0.34,0.34,0.25,0.45",25,0.00,0.33,"AI Overview, Image, Image pack, Video, Video carousel, People also ask, Related searches"
エンターテイナー mbti 相性,Informational,1900,"0.79,0.79,0.79,1.00,1.00,0.79,0.79,0.67,0.79,0.67,0.79,0.79",16,0.01,0.01,"Sitelinks, AI Overview, Image pack, Video, People also ask, Related searches"
冒険家 mbti 恋愛,Informational,1900,"0.79,1.00,1.00,0.79,0.67,0.67,0.67,0.42,0.54,0.67,0.79,0.16",15,0.19,0.33,"Sitelinks, AI Overview, Video, Video carousel, People also ask, Related searches"
冒険家 mbti 相性,Informational,1900,"1.00,1.00,1.00,1.00,0.84,0.84,0.68,0.68,0.84,0.84,1.00,1.00",19,0.02,0.33,"Sitelinks, AI Overview, Video, People also ask"
提唱者 mbti 相性,Informational,1900,"1.00,0.79,0.79,0.79,0.79,0.67,0.67,0.54,0.67,0.67,0.67,0.54",16,0.01,0.01,"Sitelinks, AI Overview, Video, People also ask, Related searches"
擁護者 mbti 相性,Informational,1900,"0.79,1.00,1.00,0.79,0.79,0.67,0.67,0.54,0.67,0.67,0.79,0.79",16,0.01,0.33,"Sitelinks, AI Overview, Video, People also ask, Related searches"
bts mbti,Informational,1600,"0.66,0.66,1.00,0.66,0.66,0.45,0.34,0.34,0.34,0.34,0.34,0.55",21,0.00,0.33,"AI Overview, Image, Image pack, Video, Video carousel, People also ask, Related searches"
ini mbti,Informational,1600,"1.00,0.84,0.68,0.68,0.84,0.68,0.68,0.46,0.68,0.84,0.68,0.84",27,0.00,0.33,"Sitelinks, Image, Image pack, Video, People also ask, Related searches"
ive mbti,Informational,1600,"0.68,0.68,0.84,0.68,0.84,0.84,0.84,0.84,0.68,0.68,0.53,1.00",24,0.00,0.00,"Sitelinks, Image pack, Video, People also ask, Related searches"
mbti 提唱者 相性,Commercial,1600,"1.00,1.00,1.00,1.00,0.81,0.81,0.81,0.81,0.81,1.00,1.00,0.81",16,0.01,0.01,"Sitelinks, Video, People also ask, Related searches"
mbti 相性 診断,Informational,1600,"0.79,1.00,0.79,0.54,0.42,0.54,0.54,0.54,0.67,0.67,0.79,0.67",16,0.43,0.01,"Sitelinks, Image pack, Video, People also ask, Related searches"
mbti 芸術 家,Informational,1600,"1.00,0.84,0.84,0.84,0.68,0.68,0.68,0.53,0.68,0.84,0.68,0.68",26,0.00,0.33,"Sitelinks, AI Overview, Image, Image pack, Video, People also ask, Related searches"
mbti簡単,Informational,1600,"0.84,1.00,0.84,0.68,0.68,0.68,0.68,0.53,0.53,0.53,0.68,0.53",25,0.09,0.09,"Video, People also ask, Related searches"
mbti診断 エンターテイナー,Informational,1600,"1.00,1.00,0.79,0.79,0.67,0.54,0.42,0.42,0.42,0.54,0.54,0.42",25,0.26,0.01,"Sitelinks, AI Overview, Reviews, Video, People also ask, Related searches"
ひろゆき mbti,Informational,1600,"0.67,0.67,0.67,0.54,0.42,0.54,0.54,0.67,0.67,0.79,1.00,0.79",33,0.00,0.33,"Sitelinks, AI Overview, Image pack, Video, Short videos, People also ask, Related searches"
キャラ mbti,Informational,1600,"0.67,1.00,0.79,0.67,0.54,0.67,0.67,0.54,0.54,0.67,0.67,0.42",17,0.00,0.33,"Image pack, Video, People also ask, Related searches"
キャラクター mbti,Informational,1600,"0.67,1.00,0.79,0.67,0.54,0.67,0.67,0.54,0.54,0.67,0.67,0.42",17,0.00,0.33,"Image, Image pack, Video, People also ask, Related searches"
コナン mbti,Informational,1600,"0.44,0.36,0.28,0.24,0.24,0.24,0.36,0.20,0.36,1.00,0.81,0.36",21,0.00,0.33,"Sitelinks, Image, Image pack, Video, People also ask, Related searches"
ジョジョ mbti,Informational,1600,"0.68,0.68,0.68,0.84,0.84,0.68,0.84,0.84,1.00,1.00,0.84,0.53",17,0.00,0.33,"Image, Image pack, Video, Short videos, People also ask, Related searches"
動物 mbti,Informational,1600,"0.05,0.06,1.00,0.23,0.12,0.16,0.12,0.09,0.09,0.11,0.11,0.16",31,0.56,0.01,"Image pack, Video, People also ask"
銀魂 mbti,Informational,1600,"0.54,0.67,0.54,0.79,0.67,0.67,0.67,1.00,1.00,0.79,0.67,0.54",17,0.00,0.33,"Sitelinks, Image, Image pack, Video, People also ask, Related searches"
enfp mbti,Informational,1300,"1.00,1.00,1.00,0.81,0.81,0.81,0.81,0.62,0.81,0.81,0.81,0.81",20,0.27,0.33,"AI Overview, Reviews, Image pack, Video, Video carousel, People also ask, Related searches"
infj mbti,Informational,1300,"0.68,1.00,0.84,0.84,0.68,0.68,0.68,0.53,0.68,0.68,0.84,0.68",17,0.00,0.33,"Sitelinks, AI Overview, Video, Video carousel, People also ask, Related searches"
infp mbti,Informational,1300,"0.81,0.81,0.81,1.00,0.81,1.00,1.00,0.62,0.81,1.00,1.00,1.00",23,0.00,0.33,"Sitelinks, AI Overview, Image pack, Video, Video carousel, People also ask, Related searches"
isfp mbti,Informational,1300,"1.00,1.00,1.00,0.77,0.77,0.77,0.77,0.77,0.77,0.77,1.00,0.77",22,0.35,0.01,"Sitelinks, AI Overview, Image pack, Video, Video carousel, People also ask, Related searches"
mbti ワンピース,Informational,1300,"1.00,1.00,1.00,0.81,0.81,0.62,0.62,0.55,0.55,0.55,0.55,0.45",19,0.00,0.33,"Sitelinks, Image, Image pack, Related searches"
mbti 仲介者 相性,Informational,1300,"1.00,1.00,1.00,1.00,0.81,0.81,0.81,0.81,0.81,1.00,1.00,0.81",21,0.00,0.33,"Sitelinks, AI Overview, Video, People also ask, Related searches"
mbti 指揮官 相性,Informational,1300,"1.00,1.00,1.00,1.00,0.77,0.77,0.68,0.68,0.77,0.77,1.00,0.77",16,0.01,0.01,"Sitelinks, Video, Video carousel, People also ask, Related searches"
mbti 比率,Informational,1300,"0.81,1.00,0.81,0.81,0.62,0.81,0.62,0.62,0.62,0.81,0.81,0.62",22,0.00,0.33,"Sitelinks, Image pack, People also ask, Related searches"
mbti 発達 障害,Informational,1300,"0.16,0.13,0.11,0.13,1.00,0.35,0.30,0.16,0.13,0.13,0.11,0.09",24,0.00,0.00,"Sitelinks, AI Overview, Image pack, Video, People also ask, Related searches"
mbti 簡易診断,Commercial,1300,"1.00,1.00,1.00,0.81,0.62,0.62,0.81,0.62,0.62,0.81,0.81,0.81",33,0.25,0.18,"Reviews, Video, People also ask, Related searches"
mbti 診断 infj,Informational,1300,"1.00,1.00,1.00,0.81,0.62,0.62,0.62,0.55,0.62,0.62,0.81,0.62",27,0.31,0.03,"AI Overview, Image pack, People also ask, Related searches"
mbti 診断 infp,Informational,1300,"0.84,1.00,0.84,0.84,0.68,0.53,0.46,0.38,0.46,0.46,0.53,0.53",28,0.43,0.03,"AI Overview, Reviews, Image pack, Video, Video carousel, People also ask, Related searches"
mbti 質問,Informational,1300,"1.00,1.00,1.00,0.81,0.81,0.81,0.62,0.55,0.81,0.81,0.81,0.81",21,0.44,0.01,"Sitelinks, Image pack, Video, Video carousel, People also ask, Related searches"
mbti意味,Informational,1300,"0.81,0.81,0.81,0.81,0.81,0.81,0.62,0.81,0.62,0.81,0.81,1.00",19,0.46,0.33,"AI Overview, Reviews, Video, Video carousel, People also ask, Related searches"
クレヨン しんちゃん mbti,Informational,1300,"0.84,1.00,0.84,0.53,0.53,0.68,0.53,0.53,0.53,0.53,0.68,0.38",30,0.00,0.01,"Sitelinks, Image pack, Video, People also ask, Related searches"
ジブリ mbti,Informational,1300,"0.67,1.00,0.54,0.54,0.67,0.37,0.54,0.37,0.30,0.37,0.67,0.37",33,0.00,0.33,"Sitelinks, Image, Image pack, Video, People also ask, Related searches"
スキズ mbti,Informational,1300,"0.84,0.68,1.00,0.84,0.84,0.84,0.68,0.53,0.46,0.53,0.53,0.46",27,0.00,0.33,"Sitelinks, Image pack, Video, Video carousel, People also ask"
ナルト mbti,Informational,1300,"0.81,0.81,0.81,0.62,0.62,0.81,1.00,0.81,0.62,0.81,0.81,0.81",13,0.00,0.33,"Image pack, Video, People also ask, Related searches"
ハリー ポッター mbti,Informational,1300,"0.81,1.00,0.81,0.81,1.00,1.00,0.81,0.62,0.62,0.81,0.81,0.81",32,0.00,0.33,"Image pack, Video, People also ask, Related searches"
巨匠 mbti 相性,Informational,1300,"1.00,0.84,0.84,0.84,0.53,0.68,0.68,0.53,0.68,0.68,0.84,0.84",16,0.01,0.01,"Sitelinks, AI Overview, Image pack, Video, People also ask, Related searches"
相性 mbti,Informational,1300,"1.00,1.00,1.00,0.68,0.68,0.53,0.53,0.46,0.53,0.46,0.53,0.46",14,0.38,0.01,"Sitelinks, Image pack, Video, People also ask, Related searches"
intp mbti,Informational,1000,"1.00,1.00,1.00,1.00,0.77,0.77,0.68,0.55,0.68,0.68,0.77,0.68",25,0.00,0.33,"Sitelinks, AI Overview, Image pack, Video, People also ask, Related searches"
mbti a,Informational,1000,"1.00,1.00,1.00,0.77,0.77,0.77,0.77,0.68,0.77,1.00,1.00,0.77",32,0.54,0.01,"Sitelinks, AI Overview, Reviews, Image pack, Video, People also ask, Related searches"
mbti wiki,Informational,1000,"0.45,0.45,0.45,0.55,0.62,0.62,0.62,1.00,0.81,0.62,0.62,0.55",27,0.00,0.00,"People also ask, Related searches"
mbti 主人公 恋愛,Informational,1000,"0.68,0.68,0.77,0.77,0.77,0.77,0.77,0.77,0.77,1.00,1.00,1.00",16,0.01,0.33,"Sitelinks, AI Overview, Reviews, Video, Video carousel, People also ask, Related searches"
mbti 主人公 特徴,Informational,1000,"0.67,0.67,0.67,0.67,0.54,0.54,0.67,0.67,0.79,0.79,1.00,1.00",20,0.17,0.01,"Sitelinks, AI Overview, Reviews, Video, Video carousel, Short videos, People also ask, Related searches"
mbti 人気 ランキング,Informational,1000,"0.77,1.00,1.00,0.77,0.68,0.55,0.55,0.55,0.68,1.00,0.77,0.77",15,0.00,0.33,"Sitelinks, AI Overview, Image pack, Video, People also ask, Related searches"
mbti 分布,Informational,1000,"1.00,1.00,1.00,0.88,0.88,1.00,0.88,0.88,0.88,1.00,1.00,0.88",25,0.00,0.33,"Sitelinks, Image pack, People also ask, Related searches"
mbti 擁護者 相性,Informational,1000,"0.77,0.77,0.77,0.77,0.77,0.77,0.77,0.77,0.77,0.77,1.00,0.77",16,0.12,0.33,"Sitelinks, AI Overview, Video, People also ask, Related searches"
mbti 有名人,Informational,1000,"1.00,1.00,1.00,1.00,0.88,0.88,0.88,0.72,0.72,0.72,0.88,0.72",20,0.00,0.33,"Image pack, Video, People also ask, Related searches"
mbti 本,Commercial,1000,"1.00,1.00,1.00,0.77,1.00,0.77,0.77,0.55,0.55,0.68,0.68,0.77",29,0.05,0.53,"Sitelinks, Image pack, Video, People also ask, Related searches, Popular products"
mbti 芸能人,Informational,1000,"1.00,1.00,0.77,0.68,0.55,0.68,0.68,0.55,0.68,0.55,0.77,0.55",18,0.00,0.33,"Image pack, Video, People also ask, Related searches"
mbti 診断 enfp,Informational,1000,"0.81,1.00,0.81,0.81,0.62,0.55,0.45,0.30,0.45,0.45,0.55,0.62",23,0.20,0.02,"AI Overview, Image pack, Video, Video carousel, People also ask, Related searches"
mbti 診断 isfp,Informational,1000,"1.00,1.00,1.00,1.00,0.68,1.00,0.77,0.68,0.68,0.68,0.77,0.77",26,0.24,0.01,"Sitelinks, AI Overview, Video, People also ask, Related searches"
mbti 診断 割合,Informational,1000,"1.00,1.00,1.00,1.00,0.68,0.68,0.68,0.55,0.55,0.55,0.68,0.55",18,0.00,0.33,"Sitelinks, AI Overview, Image pack, People also ask, Related searches"
mbti 診断 無料,Informational,1000,"0.55,0.81,0.55,0.62,0.55,0.55,1.00,0.81,1.00,0.62,0.55,0.55",30,0.14,0.33,"Video, People also ask, Related searches, Ads top, Ads middle"
mbti 顔,Informational,1000,"0.24,1.00,0.44,0.24,0.20,0.20,0.13,0.13,0.13,0.16,0.13,0.11",29,0.00,0.33,"Image, Image pack, Video, Video carousel, People also ask, Related searches"
mbti診断 意味,Informational,1000,"1.00,1.00,0.77,1.00,0.77,0.77,0.77,1.00,0.77,0.77,0.77,0.55",30,0.00,0.00,"AI Overview, Video, Related searches"
txt mbti,Informational,1000,"1.00,0.62,0.62,0.62,0.62,1.00,0.62,0.55,0.55,0.62,0.62,0.45",25,0.00,0.33,"Sitelinks, AI Overview, Image pack, Video, Video carousel, People also ask, Related searches"
スティーブ ジョブズ mbti,Informational,1000,"1.00,1.00,1.00,0.77,0.77,0.77,0.68,0.68,0.68,0.77,0.77,0.68",28,0.00,0.33,"AI Overview, Image pack, Video, People also ask, Related searches"
ドラえもん mbti,Informational,1000,"1.00,1.00,0.77,0.68,0.77,0.77,0.77,0.77,1.00,0.77,0.68,0.68",33,0.00,0.33,"Sitelinks, Image pack, Video, People also ask, Related searches"
ヘタリア mbti,Informational,1000,"1.00,1.00,0.62,0.62,0.62,0.62,0.81,0.55,0.62,0.62,0.62,0.55",33,0.00,0.33,"Reviews, Image pack, Video, People also ask, Related searches"
ポケモン mbti,Informational,1000,"0.37,0.37,0.37,0.67,0.67,0.67,0.37,0.30,0.37,1.00,0.42,0.30",22,0.00,0.33,"Image pack, Video, Video carousel, People also ask, Related searches"
刀剣 乱舞 mbti,Informational,1000,"0.62,1.00,0.62,0.45,0.55,0.62,0.62,0.55,0.55,0.55,0.45,0.37",22,0.00,0.33,"Image pack, Short videos, Related searches"
心理 機能 mbti,Informational,1000,"0.77,0.77,0.77,0.68,0.77,0.68,0.68,0.77,1.00,1.00,1.00,1.00",9,0.50,0.01,"Image pack, Video, Related searches"
簡単mbti診断,Informational,1000,"1.00,1.00,0.77,0.77,0.55,0.55,0.55,0.55,0.55,0.68,0.77,0.68",28,0.10,0.20,"Video, People also ask, Related searches"
運動家 mbti 特徴,Informational,1000,"0.46,0.46,0.46,0.46,0.53,0.53,0.53,0.46,0.68,0.68,1.00,1.00",15,0.14,0.33,"Sitelinks, AI Overview, Reviews, Video, People also ask, Related searches"
ateez mbti,Informational,880,"0.37,0.68,0.77,0.77,1.00,0.55,0.55,0.45,0.68,0.45,0.68,0.68",18,0.00,0.00,"Video, Video carousel, People also ask, Related searches"
entp mbti,Informational,880,"0.88,0.88,0.88,0.72,0.72,1.00,0.88,0.72,0.72,0.88,0.88,0.88",21,0.81,0.33,"Sitelinks, AI Overview, Image pack, Video, People also ask, Related searches"
intj mbti,Informational,880,"1.00,1.00,1.00,0.82,1.00,1.00,1.00,1.00,1.00,1.00,1.00,1.00",23,0.62,0.01,"Sitelinks, AI Overview, Video, Video carousel, People also ask, Related searches"
isfj mbti,Informational,880,"0.88,0.72,0.72,0.72,0.72,0.88,0.88,0.72,0.88,0.88,0.88,1.00",15,0.00,0.33,"Sitelinks, AI Overview, Image pack, Video, People also ask, Related searches"
istj mbti,Informational,880,"0.68,0.68,0.55,0.55,0.55,1.00,0.68,0.55,0.68,0.68,0.68,0.68",24,0.00,0.33,"Sitelinks, AI Overview, Video, Video carousel, People also ask, Related searches"
mbti infp 相性,Informational,880,"1.00,1.00,0.88,0.88,0.88,0.88,0.72,0.72,0.88,0.88,0.72,0.72",24,0.00,0.33,"Sitelinks, AI Overview, Image pack, Video, Video carousel, Short videos, People also ask, Related searches"
mbti sn,Informational,880,"1.00,0.88,0.88,0.88,1.00,1.00,0.72,0.72,0.72,0.88,0.88,0.88",21,0.00,0.33,"Sitelinks, AI Overview, Image pack, Video, People also ask, Related searches"
mbti わかりやすく,Informational,880,"0.45,0.45,0.55,0.55,0.68,0.77,0.77,0.77,0.68,0.77,1.00,0.77",25,0.00,0.00,"Sitelinks, AI Overview, Video, People also ask, Related searches"
mbti 職業,Informational,880,"1.00,1.00,1.00,0.88,0.88,0.72,0.88,0.59,0.72,0.72,0.88,0.72",9,0.62,0.18,"AI Overview, Image pack, Video, People also ask, Related searches"
mbti 診断 isfj,Informational,880,"0.77,1.00,0.77,0.77,0.55,0.55,0.55,0.45,0.55,0.55,0.55,0.55",15,0.18,0.03,"AI Overview, Image pack, Video, People also ask, Related searches"
newjeans mbti,Informational,880,"0.77,0.55,0.45,0.37,0.55,0.68,0.45,0.55,0.68,0.55,0.77,1.00",13,0.00,0.00,"Sitelinks, AI Overview, Image, Image pack, Video, Video carousel, People also ask, Related searches"
セブチ mbti,Informational,880,"1.00,1.00,0.62,0.81,0.45,0.45,0.45,0.45,0.45,0.30,0.37,0.45",26,0.00,0.33,"Sitelinks, Image pack, Video, Video carousel, People also ask, Related searches"
ソシオニクス mbti,Informational,880,"1.00,0.62,0.62,0.55,0.55,0.45,0.45,0.55,0.45,0.55,0.30,0.24",13,0.00,0.01,"Sitelinks, Image, Image pack, Video, Related searches"
ヒプマイ mbti,Informational,880,"1.00,0.88,0.88,0.72,0.72,0.59,0.48,0.48,0.59,0.59,0.48,0.48",33,0.00,0.33,"Image pack, People also ask, Related searches"
主人公 mbti 特徴,Informational,880,"0.84,0.68,0.68,0.68,0.68,0.84,0.84,0.68,0.84,1.00,1.00,1.00",20,0.00,0.33,"Sitelinks, AI Overview, Video, People also ask, Related searches"
指揮官 mbti 男性,Informational,880,"0.55,0.55,0.77,0.55,0.55,0.55,0.55,0.55,0.55,0.77,1.00,0.77",14,0.00,0.33,"Sitelinks, AI Overview, Video, People also ask, Related searches"
芸能人 mbti,Informational,880,"1.00,1.00,1.00,0.88,0.88,0.88,0.88,0.72,0.88,0.88,0.88,0.88",20,0.00,0.33,"Sitelinks, Image pack, Video, People also ask, Related searches"
aespa mbti,Informational,720,"0.68,0.45,1.00,0.55,0.68,0.68,0.45,0.55,0.37,0.37,0.30,0.25",29,0.00,0.33,"Sitelinks, AI Overview, Image pack, Video, People also ask"
enfj mbti,Informational,720,"0.82,1.00,1.00,1.00,0.82,1.00,1.00,0.67,0.82,1.00,1.00,0.82",23,0.00,0.33,"AI Overview, Image pack, Video, Video carousel, People also ask, Related searches"
enhypen mbti,Informational,720,"1.00,1.00,0.72,0.72,1.00,1.00,0.59,0.59,0.59,0.59,0.72,0.48",26,0.00,0.33,"Sitelinks, AI Overview, Image pack, Video, People also ask, Related searches"
esfj mbti,Informational,720,"0.82,0.82,0.82,0.82,0.67,1.00,0.67,0.67,0.82,0.82,0.82,0.82",20,0.00,0.33,"AI Overview, Image pack, Video, Video carousel, People also ask, Related searches"
esfp mbti,Informational,720,"1.00,1.00,0.82,0.82,0.82,1.00,0.82,0.82,0.82,0.82,1.00,0.82",26,0.00,0.33,"AI Overview, Video, Video carousel, People also ask, Related searches"
estp mbti,Informational,720,"0.82,0.82,0.82,0.82,0.67,1.00,0.82,0.67,0.67,0.82,0.82,0.82",20,0.00,0.33,"AI Overview, Video, People also ask, Related searches"
iq mbti,Informational,720,"0.82,1.00,0.82,0.67,0.67,0.55,0.55,0.44,0.55,0.44,0.55,0.55",33,0.00,0.33,"Image pack, Video, People also ask, Related searches"
istp mbti,Informational,720,"0.72,0.72,0.72,0.72,0.72,1.00,0.88,0.72,0.88,0.72,0.88,0.88",21,0.48,0.01,"Sitelinks, AI Overview, Image pack, Video, Video carousel, People also ask, Related searches"
mbti iq,Informational,720,"0.82,1.00,0.82,0.67,0.67,0.55,0.55,0.44,0.55,0.44,0.55,0.55",30,0.00,0.33,"Image pack, Video, People also ask, Related searches"
mbti エニアグラム,Informational,720,"0.37,0.37,0.30,0.30,0.37,1.00,0.37,0.45,0.30,0.30,0.24,0.24",18,0.32,0.18,"Sitelinks, Image pack, Video, People also ask, Related searches"
mbti サイコパス,Informational,720,"0.68,0.55,0.45,0.45,1.00,0.77,0.68,0.68,0.55,0.37,0.30,0.30",12,0.00,0.00,"AI Overview, Video, People also ask, Related searches"
mbti ジブリ,Informational,720,"0.82,0.82,0.82,1.00,0.67,0.67,0.67,0.55,0.44,0.44,0.82,0.44",32,0.00,0.33,"Image, Image pack, People also ask, Related searches"
mbti ハリー ポッター,Informational,720,"0.67,1.00,1.00,1.00,1.00,0.82,0.67,0.44,0.55,0.82,0.67,0.44",32,0.00,0.33,"Sitelinks, Image, Image pack, Video, Video carousel, People also ask, Related searches"
mbti 仕事,Informational,720,"0.82,0.82,0.82,0.82,1.00,1.00,1.00,0.82,0.82,1.00,0.82,0.67",11,0.74,0.28,"AI Overview, Video, People also ask, Related searches"
mbti 分け 方,Informational,720,"0.82,0.82,0.82,1.00,0.82,0.67,0.67,0.67,0.67,0.82,0.82,0.82",26,0.62,0.01,"Image pack, Video, People also ask, Related searches"
mbti 年収,Informational,720,"0.45,0.77,0.55,0.45,0.30,0.37,1.00,0.37,0.30,0.37,0.25,0.25",29,0.00,0.33,"Image pack, Video, Video carousel, People also ask, Related searches"
mbti 心理 機能 一覧,Informational,720,"0.82,1.00,0.82,0.82,0.82,0.82,0.82,0.82,0.82,0.82,0.82,0.67",7,0.00,0.33,"Image pack, Video, Related searches"
mbti 略,Informational,720,"1.00,1.00,0.82,1.00,0.82,0.82,0.67,0.55,0.55,0.67,1.00,0.67",25,0.00,0.33,"AI Overview, Image, Image pack, Video, People also ask, Related searches"
mbti 相性 enfp,Informational,720,"1.00,1.00,1.00,0.88,0.88,0.59,0.72,0.48,0.59,0.59,0.26,0.26",15,0.01,0.01,"Sitelinks, AI Overview, Image pack, Video, Video carousel, People also ask, Related searches"
mbti 簡単に,Informational,720,"1.00,1.00,1.00,0.82,1.00,1.00,1.00,1.00,0.82,0.82,0.82,1.00",34,0.18,0.03,"AI Overview, Video, Video carousel, People also ask, Related searches"
mbti 簡易,Informational,720,"1.00,1.00,1.00,1.00,0.82,0.82,1.00,0.54,0.82,1.00,1.00,0.82",22,0.33,0.08,"Image pack, Video, Related searches"
mbti 診断 キャラ,Informational,720,"0.72,1.00,1.00,0.88,0.59,0.59,0.59,0.59,0.48,0.48,0.72,0.59",18,0.00,0.33,"Sitelinks, Image pack, People also ask, Related searches"
mbti 適職,Informational,720,"0.37,0.37,0.45,0.45,0.68,0.55,0.68,0.77,1.00,0.55,0.45,0.30",12,0.95,0.58,"Sitelinks, AI Overview, Video, People also ask, Related searches, Ads bottom"
mbti診断 解説,Informational,720,"1.00,0.88,0.72,0.72,0.88,0.88,0.88,0.88,0.59,0.59,0.48,0.48",18,0.00,0.01,"Video, People also ask, Related searches"
mbti診断 韓国アイドル,Informational,720,"1.00,0.79,0.42,0.42,0.20,0.13,0.11,0.07,0.06,0.04,0.05,0.07",16,0.00,0.00,"Sitelinks, AI Overview, Video, Video carousel, People also ask, Related searches"
niziu mbti,Informational,720,"1.00,0.88,0.88,0.88,0.72,0.72,0.59,0.72,1.00,0.59,0.48,0.32",25,0.00,0.33,"Image, Image pack, Video, People also ask, Related searches"
seventeen mbti,Informational,720,"1.00,0.88,0.88,0.72,0.48,0.48,0.72,0.59,0.59,0.48,0.72,0.59",22,0.00,0.33,"Sitelinks, AI Overview, Image, Image pack, Video, Video carousel, People also ask, Related searches"
tws mbti,Informational,720,"0.48,1.00,1.00,0.72,0.72,0.72,0.72,0.72,0.48,0.59,0.72,0.48",25,0.00,0.33,"Image, Image pack, Video, People also ask, Related searches"
ウォニョン mbti,Informational,720,"0.48,0.39,0.48,0.59,0.59,0.59,0.88,0.88,0.72,1.00,1.00,1.00",33,0.00,0.00,"Sitelinks, AI Overview, Image, Image pack, Video, People also ask, Related searches"
ディズニー プリンセス mbti,Informational,720,"0.55,0.68,0.68,1.00,0.68,0.55,0.30,0.37,0.37,0.37,0.37,0.30",28,0.00,0.33,"Sitelinks, Image, Image pack, Video, People also ask, Related searches"
ドラゴンボール mbti,Informational,720,"1.00,1.00,0.82,0.55,0.55,0.82,0.67,0.67,0.67,0.67,0.67,0.55",16,0.00,0.33,"Video, People also ask, Related searches"
プリキュア mbti,Informational,720,"0.88,0.72,0.72,0.59,0.48,0.48,0.72,1.00,0.72,0.72,0.59,0.48",16,0.00,0.33,"Image, Image pack, Video, People also ask, Related searches"
冒険家 mbti 特徴,Informational,720,"0.45,0.68,0.68,0.45,0.45,0.45,0.45,0.45,0.68,0.68,1.00,0.77",23,0.00,0.33,"Sitelinks, AI Overview, Video, Video carousel, People also ask, Related searches"
看護師 mbti,Informational,720,"0.59,0.48,0.48,0.48,0.59,0.59,0.88,1.00,1.00,1.00,1.00,0.88",24,0.00,0.00,"Sitelinks, AI Overview, Video, People also ask, Related searches"
起業家 mbti 相性,Informational,720,"0.45,0.45,0.55,0.45,0.45,0.37,0.30,0.30,0.45,0.45,0.62,1.00",15,0.01,0.01,"Sitelinks, AI Overview, Video, People also ask, Related searches"
entj mbti,Informational,590,"0.82,1.00,0.82,0.67,0.67,0.67,0.55,0.55,0.67,0.82,0.82,0.82",19,0.00,0.33,"Sitelinks, AI Overview, Image pack, Video, Video carousel, People also ask, Related searches"
estj mbti,Informational,590,"0.67,0.67,0.67,0.67,0.55,1.00,0.67,0.67,0.67,0.67,0.82,0.67",15,0.00,0.33,"Sitelinks, AI Overview, Image pack, Video, People also ask, Related searches"
hsp mbti,Informational,590,"0.67,1.00,0.67,0.67,0.67,0.44,0.55,0.44,0.44,0.44,0.55,0.44",27,0.00,0.33,"Sitelinks, AI Overview, Image pack, Video, People also ask, Related searches"
mbti ns,Informational,590,"0.37,0.30,0.30,0.45,0.45,0.45,0.37,0.37,0.37,0.68,0.77,1.00",7,0.00,0.33,"Sitelinks, AI Overview, Image pack, Video, People also ask, Related searches"
mbti nt,Informational,590,"1.00,0.82,0.82,0.82,0.82,0.82,0.82,0.82,0.67,1.00,1.00,1.00",32,0.00,0.33,"Sitelinks, AI Overview, Image pack, Video, People also ask, Related searches"
mbti とは 韓国,Informational,590,"0.00,0.00,0.00,1.00,0.46,0.38,0.38,0.68,0.38,0.21,0.46,0.14",28,0.00,0.00,"Sitelinks, AI Overview, Video, Video carousel, People also ask, Related searches"
mbti なんの略,Informational,590,"0.39,0.39,0.39,0.48,0.48,0.48,0.59,0.72,0.88,0.88,1.00,0.88",23,0.00,0.00,"AI Overview, Video, People also ask, Related searches"
mbti アイデンティティ,Informational,590,"1.00,1.00,1.00,1.00,0.82,0.67,0.54,0.54,0.54,0.67,0.67,0.67",29,0.00,0.01,"Sitelinks, AI Overview, Image pack, Video, People also ask, Related searches"
mbti アニメ,Informational,590,"1.00,0.82,0.82,0.55,0.55,0.55,0.55,0.82,0.82,0.55,0.55,0.67",24,0.00,0.33,"Image, Image pack, Video, People also ask, Related searches"
mbti ペルソナ,Informational,590,"1.00,1.00,0.82,0.67,0.55,0.44,0.44,0.36,0.36,0.44,0.36,0.36",13,0.31,0.02,"Sitelinks, AI Overview, Image pack, Video, People also ask, Related searches"
mbti レア,Informational,590,"0.67,0.82,0.82,0.82,0.67,0.82,0.82,1.00,1.00,1.00,1.00,1.00",8,0.00,0.33,"People also ask, Related searches"
mbti 巨匠 性格,Informational,590,"0.46,0.46,0.38,0.53,0.46,0.53,0.46,0.46,0.53,0.68,1.00,0.84",18,0.18,0.01,"Sitelinks, AI Overview, Video, People also ask, Related searches"
mbti 機能,Informational,590,"0.82,0.82,1.00,1.00,0.82,0.67,0.67,0.67,0.67,0.67,0.67,0.82",7,0.00,0.33,"Image pack, People also ask, Related searches"
mbti 相性 infp,Informational,590,"1.00,1.00,0.82,0.82,0.67,0.55,0.55,0.44,0.55,0.67,0.82,0.67",23,0.00,0.33,"Sitelinks, Image pack, Video, Video carousel, People also ask, Related searches"
mbti 相性 isfp,Informational,590,"1.00,1.00,1.00,0.82,0.67,0.55,0.55,0.55,0.55,0.67,0.24,0.19",15,0.00,0.33,"Sitelinks, AI Overview, Image pack, Video, Short videos, People also ask, Related searches"
mbti 診断 esfj,Informational,590,"0.82,1.00,0.82,0.67,0.55,0.55,0.55,0.36,0.36,0.44,0.44,0.55",16,0.00,0.01,"Sitelinks, AI Overview, Video, Video carousel, People also ask, Related searches"
mbti 診断 intj,Informational,590,"1.00,1.00,0.82,0.82,0.67,0.67,0.67,0.54,0.67,0.67,0.82,0.67",33,0.45,0.03,"Sitelinks, AI Overview, Video, Video carousel, People also ask, Related searches"
mbti 診断 intp,Informational,590,"1.00,1.00,1.00,1.00,0.82,0.67,0.67,0.54,0.54,0.67,0.67,0.67",21,0.19,0.02,"Sitelinks, AI Overview, Image pack, Video, People also ask, Related searches"
mbti 診断 istj,Informational,590,"0.82,1.00,1.00,0.82,0.54,0.82,0.67,0.44,0.54,0.67,0.67,0.67",21,0.56,0.01,"AI Overview, Image pack, Video, People also ask, Related searches"
mbti 診断 動物,Informational,590,"0.37,0.30,1.00,0.55,0.24,0.37,0.37,0.24,0.24,0.30,0.30,0.37",31,0.00,0.33,"Image pack, Video, People also ask, Related searches"
mbti 顔つき,Informational,590,"1.00,0.62,0.37,0.30,0.24,0.37,0.24,0.24,0.30,0.45,0.30,0.37",28,0.00,0.33,"Sitelinks, Image, Image pack, Video, Video carousel, People also ask, Related searches"
nf mbti,Informational,590,"0.67,0.67,0.67,1.00,0.82,0.67,0.67,0.55,0.67,0.82,0.82,0.67",33,0.00,0.33,"Sitelinks, AI Overview, Image, Image pack, Video, People also ask, Related searches"
nt mbti,Informational,590,"1.00,0.82,0.82,0.82,0.82,0.82,0.82,0.82,0.67,1.00,1.00,1.00",32,0.00,0.33,"Sitelinks, AI Overview, Image pack, Video, People also ask, Related searches"
riize mbti,Informational,590,"0.00,0.00,0.00,0.00,0.00,0.13,0.45,0.62,0.62,0.81,1.00,0.81",14,0.00,0.00,"Sitelinks, AI Overview, Image pack, Video, Video carousel, People also ask, Related searches"
アニメ mbti,Informational,590,"1.00,1.00,0.82,0.82,0.82,0.67,0.82,0.67,0.67,0.67,0.67,0.54",33,0.00,0.33,"Image, Image pack, Video, People also ask, Related searches"
エヴァ mbti,Informational,590,"0.67,0.67,0.67,1.00,0.82,0.67,0.82,1.00,1.00,0.54,0.67,0.44",32,0.00,0.33,"Sitelinks, Image pack, People also ask, Related searches"
ペルソナ mbti,Informational,590,"1.00,1.00,0.82,0.82,0.82,0.67,0.67,0.67,0.82,0.67,0.67,0.82",12,0.33,0.02,"Sitelinks, Image pack, Video, Related searches"
モンチッチ mbti,Informational,590,"0.00,0.00,0.00,0.00,0.00,0.03,1.00,0.53,0.53,0.67,0.44,0.20",19,0.00,0.33,"Sitelinks, Image, Image pack, Video, Related searches"
日本 mbti 割合,Informational,590,"0.82,1.00,0.82,0.67,0.55,0.67,0.55,0.44,0.55,0.67,0.67,0.55",22,0.00,0.33,"Sitelinks, AI Overview, People also ask, Related searches"
16 種類 性格 診断,Informational,480,"0.81,1.00,0.81,0.54,0.66,0.81,0.54,0.24,0.54,0.66,1.00,0.66",26,0.30,0.18,"Image pack, Video, Video carousel, People also ask, Related searches"
bleach mbti,Informational,480,"0.67,0.54,0.54,0.44,0.54,0.54,1.00,0.44,0.54,0.82,0.67,0.54",21,0.00,0.33,"Image, Image pack, Video, People also ask, Related searches"
fate mbti,Informational,480,"0.44,0.36,0.82,0.55,0.44,0.55,1.00,0.55,0.36,0.36,0.30,0.30",16,0.00,0.33,"Image pack, Video, People also ask, Related searches"
fgo mbti,Informational,480,"0.67,1.00,0.82,0.82,0.54,0.82,0.67,0.44,0.44,0.54,0.54,0.44",31,0.00,0.33,"Image pack, People also ask, Related searches"
mbti in love,Informational,480,"0.03,0.04,1.00,1.00,0.37,0.30,0.24,0.13,0.13,0.16,0.13,0.11",19,0.00,0.33,"AI Overview, Image pack, Video, Video carousel, People also ask, Related searches"
mbti intp 相性,Informational,480,"0.81,0.81,1.00,0.81,0.66,0.66,0.54,0.54,0.54,0.54,0.44,0.36",15,0.00,0.33,"Sitelinks, Video, Video carousel, People also ask, Related searches"
mbti キャラ ディズニー,Informational,480,"1.00,1.00,0.82,0.54,0.44,0.44,0.44,0.36,0.36,0.29,0.36,0.24",20,0.00,0.33,"Sitelinks, Image, Image pack, Video, Related searches"
mbti パーセンテージ,Informational,480,"1.00,1.00,0.81,1.00,0.81,1.00,0.81,0.81,0.81,1.00,1.00,1.00",23,0.77,0.01,"Sitelinks, Image pack, People also ask, Related searches"
mbti 人口,Informational,480,"1.00,0.81,0.81,0.81,0.66,0.81,0.81,0.66,1.00,0.81,1.00,0.81",21,0.00,0.33,"Sitelinks, Image pack, People also ask, Related searches"
mbti 占い,Informational,480,"1.00,0.81,0.81,0.81,0.66,0.81,0.81,0.54,0.44,0.54,0.81,0.66",30,0.16,0.14,"Sitelinks, Image pack, Video, People also ask, Related searches"
mbti 口癖,Informational,480,"0.81,1.00,1.00,0.66,0.54,0.54,0.66,0.44,0.66,0.54,0.66,0.66",32,0.00,0.33,"Sitelinks, Image, Image pack, Video, People also ask, Related searches"
mbti 相性 infj,Informational,480,"0.82,1.00,1.00,0.82,0.67,0.54,0.54,0.44,0.67,0.67,0.36,0.29",15,0.00,0.33,"Sitelinks, AI Overview, Image pack, Video, Video carousel, People also ask, Related searches"
nct dream mbti,Informational,480,"1.00,0.37,0.30,0.25,0.20,0.25,0.20,0.20,0.37,0.30,0.37,0.30",27,0.00,0.00,"Sitelinks, AI Overview, Video, People also ask, Related searches"
nct mbti,Informational,480,"0.82,1.00,0.67,0.54,0.67,0.54,0.54,0.82,0.54,0.82,0.44,0.36",23,0.00,0.33,"Sitelinks, AI Overview, Video, Video carousel, People also ask, Related searches"
あなた の 性格 タイプ,Informational,480,"0.82,0.82,0.67,0.67,0.44,1.00,0.67,0.54,0.44,0.54,0.44,0.54",33,0.12,0.33,"Video, Video carousel, People also ask, Related searches"
ワールド トリガー mbti,Informational,480,"0.67,0.67,0.67,0.54,0.67,1.00,0.67,0.67,0.67,0.54,0.67,0.54",32,0.00,0.33,"People also ask, Related searches"
巨匠 mbti 男性,Informational,480,"0.02,0.02,0.04,0.07,0.16,0.30,0.55,0.45,0.55,0.55,0.62,1.00",15,0.00,0.33,"Sitelinks, Video, Video carousel, People also ask, Related searches"
東方 mbti,Informational,480,"1.00,1.00,1.00,0.81,0.81,0.66,0.66,0.66,0.66,0.81,0.81,0.66",32,0.00,0.33,"Image pack, People also ask, Related searches"
enfpと相性がいいmbti,Informational,390,"0.21,0.26,0.21,0.17,0.17,0.32,0.48,0.48,0.59,0.88,1.00,1.00",17,0.01,0.03,"Sitelinks, AI Overview, Video, Video carousel, People also ask, Related searches"
isfpと相性がいいmbti,Informational,390,"0.20,0.20,0.13,0.11,0.11,0.20,0.30,0.37,0.55,0.55,1.00,1.00",23,0.15,0.01,"Sitelinks, AI Overview, Video, People also ask, Related searches"
mbti database,Informational,390,"0.81,0.67,0.67,0.81,0.67,0.81,1.00,0.67,0.54,0.35,0.44,0.35",20,0.00,0.33,"Image pack, Video, Related searches"
mbti in,Informational,390,"1.00,0.81,0.81,0.81,0.81,0.81,0.81,0.81,0.67,0.81,1.00,1.00",22,0.57,0.01,"Image pack, Video, People also ask, Related searches"
mbti intj 相性,Informational,390,"0.81,1.00,0.81,1.00,0.67,0.67,0.67,0.67,0.67,0.81,0.67,0.54",15,0.01,0.01,"Sitelinks, Image pack, Video, People also ask, Related searches"
mbti tf,Informational,390,"0.81,1.00,0.81,0.67,1.00,0.81,0.67,0.54,0.81,0.81,1.00,1.00",12,0.00,0.33,"Sitelinks, AI Overview, Image pack, Video, People also ask, Related searches"
mbti なに,Informational,390,"0.81,0.81,0.66,0.81,0.66,0.66,0.66,0.54,0.81,0.81,1.00,0.81",32,0.21,0.04,"Featured snippet, Video, Video carousel, People also ask, Related searches"
mbti アイコン,Informational,390,"1.00,0.66,0.66,0.54,0.54,0.54,0.54,0.54,0.54,0.54,0.44,0.36",28,0.00,0.33,"Image, Image pack, People also ask, Related searches"
mbti ユング,Informational,390,"0.81,0.81,0.81,0.81,0.81,0.81,0.81,0.54,0.67,0.81,1.00,0.81",32,0.00,0.01,"Sitelinks, AI Overview, Image pack, Video, People also ask, Related searches"
mbti 漫画,Informational,390,"0.81,1.00,0.67,1.00,0.67,0.67,0.81,0.67,0.67,0.67,0.81,0.54",32,0.00,0.33,"Sitelinks, Image pack, Video, Video carousel, People also ask, Related searches"
mbti 相性 intp,Informational,390,"1.00,1.00,1.00,0.81,0.67,0.81,0.67,0.44,0.44,0.67,0.23,0.23",14,0.00,0.33,"Sitelinks, Video, Video carousel, People also ask, Related searches"
mbti 論文,Informational,390,"0.81,0.36,0.54,1.00,0.81,0.66,0.66,0.29,0.24,0.66,0.66,0.66",13,0.00,0.33,"Image pack, People also ask, Related searches"
mbti 韓国,Informational,390,"1.00,1.00,1.00,0.67,0.54,0.54,0.67,0.81,0.54,0.54,0.67,0.54",14,0.00,0.01,"Sitelinks, AI Overview, Image pack, Video, People also ask"
youtuber mbti,Informational,390,"0.66,1.00,0.81,0.66,0.54,0.54,0.44,0.44,0.44,0.44,0.54,0.44",16,0.00,0.33,"Image pack, Video, People also ask, Related searches"
なにわ男子 mbti,Informational,390,"0.11,0.16,0.13,0.25,0.16,0.16,0.20,0.30,0.45,0.37,0.25,1.00",32,0.00,0.00,"Sitelinks, Video, People also ask, Related searches"
サザエ さん mbti,Informational,390,"1.00,1.00,0.81,0.67,0.81,0.81,0.81,0.54,0.54,0.81,0.67,0.67",15,0.00,0.33,"Image pack, People also ask, Related searches"
ホリエモン mbti,Informational,390,"1.00,1.00,0.82,0.82,0.67,0.82,1.00,0.67,0.82,1.00,1.00,1.00",26,0.00,0.33,"AI Overview, Video, People also ask, Related searches"
ユング mbti,Informational,390,"1.00,0.82,0.82,0.82,1.00,1.00,0.82,0.67,0.67,0.82,0.67,0.44",32,0.00,0.01,"AI Overview, Video, People also ask, Related searches"
リヴァイ mbti,Informational,390,"0.81,0.81,0.67,0.67,0.67,0.67,0.67,0.81,0.81,1.00,1.00,0.81",21,0.00,0.33,"Sitelinks, Image pack, People also ask, Related searches"
主人公 mbti 芸能人,Informational,390,"0.17,0.21,0.17,0.21,0.39,0.39,0.48,0.39,0.59,0.72,1.00,0.72",15,0.00,0.33,"Sitelinks, Image pack, People also ask, Related searches"
冒険家と相性がいいmbti,Informational,390,"0.07,0.06,0.16,0.13,0.07,0.16,0.37,0.37,0.24,0.37,0.62,1.00",23,0.00,0.33,"Sitelinks, AI Overview, Video, Video carousel, People also ask, Related searches"
韓国 mbti,Informational,390,"0.81,1.00,0.66,0.66,0.44,0.44,0.54,0.54,0.54,0.44,0.54,0.44",11,0.16,0.05,"Sitelinks, AI Overview, Image pack, Video, Video carousel, People also ask, Related searches"
mbti anime characters,Informational,320,"0.54,0.66,0.81,0.81,1.00,0.81,0.66,0.44,0.29,0.29,0.29,0.24",32,0.00,0.33,"Sitelinks, Image, Image pack, Video, People also ask, Related searches"
mbti jp,Informational,320,"1.00,0.81,1.00,0.81,1.00,1.00,0.81,1.00,1.00,0.81,1.00,1.00",27,0.55,0.05,"Sitelinks, AI Overview, Image pack, Video, People also ask, Related searches"
mbti te,Informational,320,"0.82,0.67,0.82,0.82,0.82,1.00,0.67,0.82,0.67,0.82,0.67,0.82",14,0.00,0.00,"Sitelinks, AI Overview, Image pack, Video, People also ask, Related searches"
mbti くだらない,Informational,320,"0.67,0.82,0.82,1.00,1.00,0.82,0.82,0.67,0.67,0.67,1.00,1.00",32,0.00,0.33,"Sitelinks, Video, People also ask, Related searches"
mbti ディズニー,Informational,320,"1.00,1.00,0.82,1.00,0.67,0.67,0.54,0.44,0.28,0.44,0.54,0.36",23,0.00,0.33,"Image, Image pack, Video, People also ask, Related searches"
mbti 主 機能,Informational,320,"1.00,1.00,0.82,0.82,0.82,1.00,0.82,0.67,0.82,1.00,1.00,1.00",6,0.00,0.33,"Sitelinks, Image pack, Video, People also ask, Related searches"
mbti 偉人,Informational,320,"1.00,0.82,0.82,0.82,0.67,0.67,0.67,0.67,0.54,0.67,0.67,0.54",14,0.00,0.33,"Sitelinks, Image pack, People also ask, Related searches"
mbti 性欲,Informational,320,"0.67,0.81,1.00,0.81,0.67,0.54,0.54,0.44,0.44,0.67,0.67,0.44",32,0.00,0.33,"Sitelinks, Image pack, Video, People also ask"
mbti 比較,Informational,320,"0.82,0.82,0.67,0.82,0.82,0.67,0.82,0.67,1.00,0.82,0.82,0.67",16,0.00,0.33,"Sitelinks, Image pack, Video, People also ask, Related searches"
mbti 相性 isfj,Informational,320,"0.81,1.00,0.67,0.54,0.54,0.54,0.54,0.35,0.35,0.54,0.23,0.23",14,0.00,0.33,"Sitelinks, Image pack, Video, People also ask, Related searches"
mbti 診断 変わる,Informational,320,"1.00,0.82,0.82,0.67,0.54,0.54,0.54,0.44,0.54,0.54,0.67,0.54",30,0.00,0.33,"Sitelinks, AI Overview, People also ask, Related searches"
mbti 認定 ユーザー,Informational,320,"0.54,0.54,0.54,0.67,1.00,1.00,0.67,0.44,0.44,0.44,0.44,0.44",20,0.00,0.33,"AI Overview, Video, People also ask, Related searches"
mbti 資格,Informational,320,"0.81,0.67,0.67,0.54,0.81,1.00,0.67,0.54,0.54,0.54,0.54,0.54",17,0.00,0.33,"AI Overview, Video, People also ask, Related searches"
mbti 香水,Commercial,320,"0.67,0.67,0.67,0.44,0.44,0.54,0.35,0.29,0.29,0.23,0.23,1.00",25,0.00,0.49,"Sitelinks, Image, Image pack, Video, People also ask, Related searches"
ガンダム mbti,Informational,320,"1.00,0.67,0.44,0.54,0.44,0.44,0.54,0.81,0.54,0.54,0.54,0.35",15,0.00,0.33,"Sitelinks, Video, People also ask, Related searches"
クラピカ mbti,Informational,320,"0.54,0.66,0.54,0.54,0.66,0.66,0.66,0.54,0.54,0.66,1.00,1.00",24,0.00,0.33,"Image pack, Video, People also ask, Related searches"
スナフキン mbti,Informational,320,"1.00,0.82,0.67,0.67,0.67,1.00,0.82,0.54,0.67,0.67,0.67,0.67",22,0.00,0.33,"AI Overview, Image pack, People also ask, Related searches"
トランプ mbti,Informational,320,"0.81,0.54,0.54,0.81,0.54,0.29,0.54,0.35,1.00,0.81,0.54,0.35",32,0.00,0.33,"AI Overview, Image, Image pack, People also ask, Related searches"
ブリーチ mbti,Informational,320,"1.00,0.82,0.67,0.82,0.82,0.82,1.00,0.67,0.67,1.00,1.00,0.67",17,0.00,0.33,"Image pack, Video, People also ask, Related searches"
太宰 治 mbti,Informational,320,"1.00,0.82,0.82,0.82,0.82,0.67,0.82,0.82,0.82,1.00,1.00,0.82",31,0.00,0.33,"Sitelinks, AI Overview, Video, People also ask, Related searches"
有名人 mbti,Informational,320,"0.81,1.00,0.67,0.67,0.81,0.67,0.67,0.67,0.54,0.54,0.67,0.54",19,0.00,0.33,"Image pack, Video, People also ask, Related searches"
石原 さとみ mbti,Informational,320,"0.44,1.00,0.36,0.29,0.44,0.54,0.44,0.44,0.44,0.44,0.44,0.36",16,0.00,0.33,"Sitelinks, AI Overview, Video, People also ask, Related searches"
mbti en,Informational,260,"0.81,0.81,0.81,0.66,0.66,0.66,0.66,0.66,0.81,1.00,1.00,0.53",30,0.71,0.03,"Image pack, Video, People also ask, Related searches"
mbti fe,Informational,260,"0.81,0.81,0.66,0.66,1.00,0.66,0.66,0.81,0.66,0.66,0.81,0.53",10,0.00,0.33,"Sitelinks, AI Overview, Image pack, People also ask, Related searches"
mbti ni,Informational,260,"0.81,0.66,0.66,0.66,0.81,0.81,0.81,1.00,0.81,1.00,0.81,0.66",8,0.00,0.33,"AI Overview, Image pack, Video, People also ask, Related searches"
mbti へ の いざない,Informational,260,"0.44,0.67,0.44,0.44,0.81,1.00,0.67,0.35,0.44,0.44,0.54,0.54",23,0.08,0.19,"Sitelinks, Reviews, Image pack, People also ask, Knowledge panel, Related searches"
mbti テスト 無料,Informational,260,"0.54,0.54,0.44,0.44,0.35,0.54,0.54,0.67,0.67,0.81,1.00,0.81",30,0.36,0.64,"Reviews, Video, People also ask, Related searches"
mbti メンヘラ,Informational,260,"0.00,0.44,0.36,0.28,0.54,0.54,0.54,0.82,1.00,0.82,1.00,1.00",24,0.00,0.00,"Sitelinks, AI Overview, Video, People also ask, Related searches"
mbti 浮気,Informational,260,"0.82,0.67,1.00,0.82,0.82,0.67,0.67,0.54,0.54,0.54,0.44,0.82",28,0.00,0.33,"Sitelinks, Image, Image pack, Video, Video carousel, People also ask, Related searches"
mbti 相性 entp,Informational,260,"0.82,0.82,1.00,1.00,0.67,0.67,0.67,0.44,0.44,0.54,0.28,0.18",14,0.00,0.33,"Sitelinks, Video, Video carousel, People also ask, Related searches"
mbti 相性 esfj,Informational,260,"1.00,0.67,0.67,0.67,0.54,0.35,0.35,0.35,0.23,0.29,0.35,0.10",14,0.00,0.33,"Sitelinks, Video, People also ask, Related searches"
mbti 궁합,Informational,260,"0.82,0.82,0.82,1.00,0.67,0.67,0.67,0.54,0.67,0.54,0.67,0.54",26,0.00,0.33,"Image pack, Video, Video carousel, Related searches"
straykids mbti,Informational,260,"0.81,0.66,1.00,0.81,0.81,0.81,0.66,0.53,0.66,0.81,0.81,0.66",23,0.00,0.33,"Sitelinks, AI Overview, Image pack, Video, People also ask, Related searches"
vtuber mbti,Informational,260,"1.00,0.81,0.81,1.00,1.00,1.00,0.65,0.81,1.00,0.81,1.00,0.81",28,0.00,0.33,"Sitelinks, Image pack, Video, Video carousel, People also ask, Related searches"
のび太 mbti,Informational,260,"0.66,1.00,0.66,0.66,0.66,0.66,0.66,0.53,0.81,0.81,0.66,0.66",31,0.00,0.33,"Sitelinks, AI Overview, Video, People also ask, Related searches"
ハウル mbti,Informational,260,"0.67,0.81,0.54,0.54,0.44,0.29,0.44,0.44,0.44,0.81,1.00,0.54",23,0.00,0.33,"Image pack, People also ask, Related searches"
北川 景子 mbti,Informational,260,"0.35,0.44,0.35,0.29,1.00,0.81,0.44,0.23,0.35,0.54,0.54,0.35",31,0.00,0.33,"Sitelinks, AI Overview, Image, Image pack, Video, People also ask, Related searches"
文豪 ストレイ ドッグス mbti,Informational,260,"0.81,1.00,0.81,0.53,0.66,0.66,1.00,0.81,0.66,0.66,0.53,0.44",31,0.00,0.33,"Image pack, Video, People also ask, Related searches"
daigo mbti,Informational,210,"0.81,0.66,0.53,0.44,0.81,1.00,0.81,0.44,0.53,0.66,0.66,0.53",32,0.00,0.33,"Sitelinks, AI Overview, Reviews, Video, People also ask, Related searches"
flower mbti,Informational,210,"0.01,0.03,0.01,0.00,0.01,0.01,0.01,0.01,0.00,0.04,0.01,1.00",12,0.00,0.00,"Image, Image pack, Video, People also ask, Related searches"
mbti compatibility,Informational,210,"0.81,1.00,1.00,1.00,0.66,0.81,0.66,0.66,0.66,0.81,0.44,0.22",25,0.00,0.33,"Sitelinks, Image pack, Video, Related searches"
mbti fi,Informational,210,"0.81,0.65,0.81,0.65,0.81,0.81,0.81,0.65,1.00,1.00,0.65,0.65",8,0.00,0.33,"Sitelinks, AI Overview, Video, People also ask, Related searches"
mbti ne,Informational,210,"0.81,0.65,0.54,0.81,0.81,0.65,1.00,0.81,0.65,0.65,0.81,0.81",21,0.00,0.01,"Sitelinks, AI Overview, Video, People also ask, Related searches"
mbti pj,Informational,210,"0.81,0.81,0.81,0.65,0.81,0.81,0.81,0.65,0.81,1.00,1.00,1.00",18,0.00,0.33,"Sitelinks, AI Overview, Image pack, Video, People also ask, Related searches"
mbti se,Informational,210,"0.81,0.54,0.54,0.81,0.65,0.81,1.00,0.65,1.00,0.65,0.65,0.54",27,0.00,0.33,"Sitelinks, AI Overview, Image pack, Video, People also ask, Related searches"
mbti ti,Informational,210,"0.65,0.65,0.65,0.65,0.81,0.65,1.00,1.00,0.81,0.81,0.81,0.81",23,0.00,0.33,"AI Overview, Image pack, Video, People also ask, Related searches"
mbti どれがいい,Informational,210,"0.44,0.44,0.44,0.54,0.44,0.44,0.29,0.35,0.44,0.67,1.00,0.81",21,0.55,0.03,"Sitelinks, AI Overview, Image pack, Video, People also ask, Related searches"
mbti アインシュタイン,Informational,210,"0.65,1.00,0.81,0.81,0.81,0.65,0.65,0.54,0.65,0.81,0.81,0.54",27,0.00,0.33,"Sitelinks, Image pack, Video, People also ask, Related searches"
mbti キャラクター 診断,Informational,210,"0.08,1.00,0.54,0.24,0.29,0.66,0.66,0.24,0.24,0.19,0.24,0.29",12,0.00,0.02,"Image pack, Video, People also ask, Related searches"
mbti ソシオニクス,Informational,210,"1.00,0.67,0.54,0.44,0.44,0.36,0.44,0.44,0.36,0.54,0.44,0.36",17,0.00,0.33,"Video, People also ask, Related searches"
mbti ツンデレ,Informational,210,"0.81,1.00,0.66,0.81,0.44,0.53,0.53,0.44,0.53,0.66,0.53,0.44",29,0.00,0.33,"Sitelinks, AI Overview, Image pack, Video, Video carousel, People also ask, Related searches"
mbti ハイキュー,Informational,210,"1.00,1.00,0.81,0.66,0.66,0.66,0.53,0.44,0.34,0.44,0.44,0.44",15,0.00,0.33,"Sitelinks, Image, Image pack, Video, People also ask, Related searches"
mbti ポケモン,Informational,210,"0.29,0.29,0.29,0.29,0.29,0.36,0.29,0.24,0.24,1.00,0.44,0.29",28,0.00,0.33,"Sitelinks, Image, Image pack, Video, Video carousel, People also ask, Related searches"
mbti 内向 外向,Informational,210,"1.00,0.66,0.44,0.28,0.66,0.66,0.53,0.66,0.66,0.66,0.28,0.16",27,0.00,0.33,"AI Overview, Video, People also ask, Related searches"
mbti 写真,Informational,210,"0.44,1.00,0.44,0.44,0.29,0.29,0.23,0.23,0.29,0.19,0.19,0.19",31,0.00,0.33,"Image, Image pack, People also ask"
mbti 基準,Informational,210,"0.81,0.81,0.81,1.00,0.81,0.81,0.81,0.65,0.81,0.81,0.81,0.81",34,0.00,0.33,"Image pack, Video, People also ask, Related searches"
mbti 心理 学,Informational,210,"0.81,1.00,1.00,1.00,0.81,1.00,0.81,0.54,0.65,0.81,0.81,1.00",20,0.43,0.03,"Sitelinks, AI Overview, Image pack, Video, People also ask, Related searches"
mbti 感情,Informational,210,"1.00,0.81,0.81,0.81,0.81,0.65,0.81,0.54,0.65,0.81,0.81,0.65",28,0.00,0.33,"Sitelinks, Image pack, Video, People also ask, Related searches"
mbti 時間,Informational,210,"0.81,0.81,1.00,1.00,0.81,0.81,0.65,0.65,0.81,1.00,0.81,0.65",25,0.00,0.33,"Sitelinks, AI Overview, Video, People also ask, Related searches"
mbti 直感,Informational,210,"1.00,0.81,0.81,0.65,0.65,0.81,0.65,0.65,0.81,0.81,0.81,0.65",31,0.00,0.33,"Sitelinks, AI Overview, Image pack, Video, People also ask, Related searches"
mbti 相性 intj,Informational,210,"0.82,1.00,0.82,0.67,0.54,0.44,0.36,0.36,0.36,0.44,0.54,0.18",14,0.00,0.33,"Sitelinks, AI Overview, Video, Video carousel, People also ask, Related searches"
mbti 見た目,Informational,210,"0.44,1.00,0.54,0.36,0.29,0.24,0.24,0.19,0.24,0.29,0.29,0.24",31,0.00,0.33,"Image, Image pack, Video, People also ask, Related searches"
mbti 診断 簡易,Informational,210,"0.81,0.81,1.00,0.66,0.66,0.44,0.66,0.44,0.53,0.81,1.00,0.81",28,0.25,0.10,"Video, Related searches"
mbti 認知 機能,Informational,210,"0.44,0.54,0.28,0.28,0.54,0.54,1.00,0.54,0.67,0.54,0.82,0.82",15,0.00,0.33,"AI Overview, Video, People also ask, Related searches"
mbti 面白い,Informational,210,"1.00,1.00,1.00,1.00,0.81,0.65,0.81,0.81,0.65,0.65,0.65,0.65",32,0.00,0.33,"Sitelinks, Image, Image pack, Video, Video carousel, People also ask, Related searches"
mbti 韓国アイドル,Informational,210,"1.00,0.81,1.00,0.81,0.66,0.66,0.53,0.44,0.34,0.28,0.34,0.28",21,0.00,0.00,"Sitelinks, Image, Video, People also ask, Related searches"
カイジ mbti,Informational,210,"0.81,1.00,0.81,0.81,1.00,0.65,0.65,0.65,0.65,0.65,0.65,0.65",16,0.00,0.33,"People also ask, Related searches"
クロロ mbti,Informational,210,"0.67,0.67,0.67,0.54,0.54,0.54,0.44,0.44,0.54,0.82,1.00,0.82",21,0.00,0.33,"People also ask, Related searches"
ハガレン mbti,Informational,210,"0.81,0.81,0.53,0.44,0.66,0.53,0.53,0.66,0.81,0.66,1.00,0.81",15,0.00,0.33,"People also ask, Related searches"
ビルゲイツ mbti,Informational,210,"0.65,1.00,1.00,1.00,0.81,0.81,0.81,0.65,0.65,0.65,0.81,0.65",28,0.00,0.33,"AI Overview, Reviews, Image pack, Video, People also ask, Related searches"
一匹狼 mbti,Informational,210,"1.00,1.00,1.00,0.81,0.65,1.00,0.81,0.81,0.65,0.81,0.81,0.81",22,0.00,0.33,"Sitelinks, AI Overview, Image pack, Video, People also ask, Related searches"
星座 mbti,Informational,210,"1.00,0.81,0.81,0.65,1.00,0.81,0.81,0.81,0.81,1.00,1.00,0.65",31,0.00,0.33,"Image pack, Video, People also ask, Related searches"
entertainer mbti,Informational,170,"1.00,0.67,0.81,0.81,0.67,0.67,0.81,0.52,0.67,0.81,0.81,0.81",34,0.00,0.33,"AI Overview, Image pack, Video, People also ask, Related searches"
fe mbti,Informational,170,"0.65,0.65,0.65,0.54,0.81,0.65,0.65,1.00,0.65,0.54,0.54,0.54",9,0.00,0.33,"Sitelinks, AI Overview, Image pack, Video, People also ask, Related searches"
fi mbti,Informational,170,"0.67,0.67,0.67,0.67,0.81,0.67,0.81,0.81,1.00,1.00,0.67,0.67",19,0.00,0.33,"Sitelinks, AI Overview, Video, People also ask, Related searches"
is mbti,Informational,170,"0.81,0.67,0.81,0.81,0.67,1.00,0.52,0.67,0.81,0.81,0.81,0.67",28,0.00,0.01,"AI Overview, Video, People also ask, Knowledge panel, Related searches"
mbti fj,Informational,170,"1.00,0.81,0.65,0.65,0.65,0.65,0.65,0.54,0.65,0.65,0.65,0.81",31,0.00,0.33,"Sitelinks, AI Overview, Video, People also ask, Related searches"
mbti fp,Informational,170,"1.00,1.00,0.81,0.54,0.65,0.54,0.54,0.54,0.65,1.00,0.81,0.81",31,0.00,0.33,"Sitelinks, AI Overview, Image pack, Video, People also ask, Related searches"
mbti ft,Informational,170,"0.81,0.81,0.81,0.81,0.81,0.81,0.81,0.67,1.00,1.00,1.00,0.81",22,0.00,0.33,"Sitelinks, AI Overview, Image pack, Video, People also ask, Related searches"
mbti ij,Informational,170,"0.34,0.22,0.34,0.28,0.44,0.53,0.53,0.66,0.66,0.66,0.81,1.00",9,0.00,0.00,"AI Overview, Image pack, Video, People also ask, Related searches"
mbti rare,Informational,170,"0.65,0.54,0.65,0.81,1.00,0.81,0.65,0.65,0.65,0.54,0.65,0.54",15,0.00,0.00,"Sitelinks, Image pack, Video, People also ask, Related searches"
mbti rarest,Informational,170,"0.65,0.54,0.65,0.81,1.00,0.81,0.65,0.65,0.65,0.54,0.65,0.54",30,0.00,0.00,"Sitelinks, AI Overview, Image pack, Video, Related searches"
mbti sf,Informational,170,"0.67,0.67,0.67,0.67,0.81,0.81,0.67,0.67,0.67,0.81,1.00,0.81",31,0.00,0.33,"AI Overview, Image pack, Video, Video carousel, People also ask, Related searches"
mbti si,Informational,170,"1.00,1.00,0.82,0.82,0.82,1.00,0.82,0.82,0.82,1.00,0.82,0.82",17,0.00,0.33,"Sitelinks, AI Overview, People also ask, Related searches"
mbti tp,Informational,170,"0.81,0.65,0.65,0.65,0.65,0.65,0.54,0.42,0.54,0.81,0.81,1.00",31,0.00,0.33,"Sitelinks, AI Overview, Image pack, Video, People also ask, Related searches"
mbti タイプ 入門,Informational,170,"0.44,0.36,0.28,0.44,1.00,0.67,0.44,0.28,0.18,0.28,0.36,0.23",22,0.07,0.55,"Sitelinks, Reviews, Image pack, People also ask, Related searches"
mbti ホグワーツ,Informational,170,"0.54,0.65,0.81,1.00,1.00,0.81,0.54,0.54,0.54,0.65,0.42,0.27",29,0.00,0.33,"Image, Image pack, Video, Related searches"
mbti マイペース,Informational,170,"1.00,1.00,1.00,0.81,1.00,0.67,0.67,0.52,0.67,0.81,0.81,0.81",19,0.00,0.33,"Sitelinks, Image pack, Video, People also ask, Related searches"
mbti マッチング,Informational,170,"0.14,0.09,0.09,1.00,0.09,0.11,0.11,0.07,0.09,0.11,0.11,0.09",23,1.36,0.12,"Sitelinks, AI Overview, Reviews, Video, People also ask, Related searches"
mbti 作品,Informational,170,"0.54,0.81,1.00,0.81,0.81,0.54,0.65,0.54,0.42,0.35,0.35,0.35",14,0.00,0.33,"Sitelinks, Video, People also ask, Related searches"
mbti 導入 企業,Informational,170,"1.00,0.20,0.20,0.20,0.60,0.80,0.60,0.20,0.20,0.20,0.20,1.00",12,0.00,0.01,"AI Overview, Image pack, People also ask, Related searches, Ads bottom"
mbti 愛称,Informational,170,"0.44,0.34,0.28,0.34,0.34,0.44,0.53,0.34,0.66,1.00,1.00,1.00",10,0.00,0.00,"Sitelinks, Image pack, Video, People also ask, Related searches"
mbti 星座,Informational,170,"1.00,0.81,1.00,0.81,0.81,0.67,0.81,0.81,1.00,0.67,0.81,0.67",27,0.00,0.33,"Image pack, Video, People also ask, Related searches"
mbti 最強,Informational,170,"1.00,0.65,0.65,0.81,0.65,0.65,0.54,0.54,0.65,0.65,0.81,0.54",10,0.00,0.33,"Sitelinks, AI Overview, Video, People also ask, Related searches"
mbti 流行,Informational,170,"0.81,0.81,0.65,0.81,1.00,0.42,0.54,0.54,0.65,0.81,0.65,0.54",29,0.00,0.00,"Sitelinks, AI Overview, Image pack, Video, Video carousel, People also ask, Related searches"
mbti 研修,"Informational, Transactional",170,"1.00,0.81,0.81,0.54,0.54,0.65,0.54,0.42,0.54,0.54,0.42,0.54",9,2.54,0.16,"Image pack, Video, People also ask, Related searches"
mbti 簡単 解説,Informational,170,"1.00,0.81,0.81,0.81,0.54,0.81,0.81,0.65,0.65,0.65,0.35,0.27",21,0.00,0.02,"Sitelinks, Reviews, Image pack, Video, Video carousel, People also ask, Related searches"
mbti 討論,Informational,170,"0.81,0.81,1.00,0.81,0.81,0.67,0.67,0.67,0.81,0.67,1.00,0.81",15,0.00,0.33,"AI Overview, Image pack, Video, Video carousel, People also ask, Related searches"
ni mbti,Informational,170,"1.00,0.81,0.52,0.67,0.81,1.00,0.81,1.00,1.00,0.81,0.67,0.67",31,0.00,0.33,"Sitelinks, AI Overview, Video, People also ask, Related searches"
one piece mbti,Informational,170,"0.81,1.00,1.00,0.52,1.00,0.67,0.67,0.52,0.81,1.00,0.81,0.52",16,0.00,0.33,"Image, Image pack, Video, People also ask, Related searches"
tj mbti,Informational,170,"1.00,1.00,1.00,0.67,1.00,0.81,0.43,0.67,0.67,0.81,0.81,0.81",31,0.00,0.33,"Sitelinks, Image pack, Video, People also ask, Related searches"
イチロー mbti,Informational,170,"1.00,1.00,1.00,0.67,0.81,0.67,0.52,0.67,1.00,0.67,0.81,0.81",14,0.00,0.33,"AI Overview, Video, People also ask, Related searches"
エニアグラム mbti 対応,Informational,170,"1.00,0.66,0.53,0.53,0.53,0.66,0.34,0.34,0.34,0.34,0.44,0.28",23,0.00,0.01,"Sitelinks, Image pack, People also ask, Related searches"
サイコパス mbti,Informational,170,"0.67,0.67,0.81,0.67,1.00,0.67,1.00,1.00,1.00,1.00,1.00,1.00",31,0.00,0.00,"Image pack, People also ask, Related searches"
ドラクエ mbti,Informational,170,"0.01,0.01,0.01,0.02,0.03,0.02,1.00,0.01,0.02,0.01,0.05,0.01",16,0.00,0.33,"Image pack, Video, People also ask, Related searches"
ナイチンゲール mbti,Informational,170,"0.81,0.81,0.67,0.67,0.52,0.81,0.67,0.52,0.67,1.00,1.00,0.81",16,0.00,0.33,"AI Overview, Image pack, People also ask, Related searches"
リボーン mbti,Informational,170,"1.00,0.81,0.67,0.52,0.67,1.00,1.00,0.81,0.67,0.67,1.00,0.67",15,0.00,0.33,"Image pack, Video, People also ask, Related searches"
仮面 ライダー mbti,Informational,170,"0.81,1.00,0.65,0.65,0.65,0.54,0.81,0.54,0.54,0.54,0.54,0.54",12,0.00,0.33,"Image pack, People also ask, Related searches"
宝石 の 国 mbti,Informational,170,"1.00,0.81,0.67,0.81,0.81,0.81,0.81,0.67,0.67,0.67,0.81,0.52",28,0.00,0.33,"Video, People also ask, Related searches"
文豪 mbti,Informational,170,"1.00,0.67,0.81,0.81,0.81,0.81,0.67,0.67,0.81,0.81,0.81,0.52",26,0.00,0.33,"Sitelinks, AI Overview, People also ask, Related searches"
遊戯王 mbti,Informational,170,"1.00,1.00,0.67,0.52,0.81,1.00,0.52,0.52,0.67,0.67,0.81,0.52",14,0.00,0.33,Related searches
5w6 mbti,Informational,140,"0.82,1.00,0.65,0.53,0.82,0.65,0.82,0.65,0.82,0.82,0.41,0.41",17,0.00,0.33,"Sitelinks, AI Overview, Video, People also ask, Related searches"
a3 mbti,Informational,140,"0.52,0.67,0.67,0.43,0.81,0.67,0.81,0.43,0.81,1.00,0.67,0.43",16,0.00,0.33,"People also ask, Related searches"
fj mbti,Informational,140,"1.00,0.81,0.81,0.67,0.52,0.52,0.52,0.67,0.81,0.52,0.67,0.67",31,0.00,0.33,"Image pack, People also ask, Related searches"
fp mbti,Informational,140,"0.81,0.67,0.81,0.43,0.67,0.67,0.43,0.67,0.52,1.00,0.81,0.67",31,0.00,0.33,"Sitelinks, AI Overview, Image pack, Video, People also ask, Related searches"
mbti ai,Informational,140,"0.43,0.52,0.67,0.81,0.43,0.67,1.00,0.52,0.67,0.67,1.00,0.67",11,0.56,0.04,"Sitelinks, Reviews, Video, People also ask, Related searches"
mbti bts,Informational,140,"0.67,0.81,0.67,0.67,1.00,0.67,0.81,0.52,0.52,0.52,0.52,0.52",18,0.00,0.33,"AI Overview, Image, Image pack, Video, Video carousel, People also ask, Related searches"
mbti cognitive functions,Informational,140,"0.79,1.00,0.79,0.79,0.64,1.00,0.64,0.64,0.79,0.79,1.00,1.00",34,0.00,0.01,"Sitelinks, AI Overview, Image, Image pack, Video, Video carousel, Related searches"
mbti hsp,Informational,140,"0.01,1.00,0.24,0.06,0.06,0.07,0.01,0.03,0.01,0.01,0.01,0.01",26,0.00,0.33,"Sitelinks, Image pack, Video, People also ask, Related searches"
mbti infj 性格,Informational,140,"0.81,0.67,0.52,0.67,0.43,0.43,0.52,0.52,0.67,0.81,1.00,0.67",18,0.00,0.01,"Sitelinks, AI Overview, Image pack, Video, People also ask, Related searches"
mbti twitter,"Informational, Transactional",140,"1.00,0.65,0.82,0.41,0.53,0.82,0.82,0.29,0.41,0.41,0.29,0.29",32,0.00,0.33,"Image, Image pack, Video, People also ask, Related searches"
mbti かわいい,Informational,140,"0.82,0.82,1.00,0.82,0.65,0.53,0.65,0.53,0.53,0.53,0.82,0.82",27,0.00,0.33,"Sitelinks, Image pack, Video, People also ask, Related searches"
mbti わからない,Informational,140,"1.00,1.00,1.00,1.00,0.82,0.82,0.65,0.65,0.82,0.65,1.00,0.65",32,0.17,0.04,"Sitelinks, AI Overview, Video, People also ask, Related searches"
mbti アスペルガー,Informational,140,"0.52,1.00,0.67,0.67,0.52,0.52,0.67,0.52,0.52,0.81,0.52,0.52",31,0.00,0.33,"Sitelinks, AI Overview, Image pack, Video, People also ask, Related searches"
mbti コナン,Informational,140,"0.82,1.00,0.65,0.53,0.53,0.41,0.41,0.41,0.29,1.00,1.00,0.41",16,0.00,0.33,"Sitelinks, Video, Related searches"
mbti セッション,Informational,140,"1.00,1.00,0.82,0.82,1.00,0.65,0.82,0.65,0.41,0.53,0.65,0.65",24,0.00,0.01,Related searches
mbti チーム ビルディング,Commercial,140,"1.00,0.01,0.01,0.05,0.06,0.06,0.01,0.06,0.02,0.05,0.03,0.01",9,0.00,0.33,"Sitelinks, Reviews, Video, Related searches"
mbti 嘘,Informational,140,"1.00,1.00,1.00,0.65,0.65,1.00,0.53,0.53,0.65,0.65,0.82,0.65",31,0.00,0.33,"Sitelinks, Image pack, Video, People also ask, Related searches"
mbti 就職,Informational,140,"0.79,0.79,1.00,0.79,0.64,0.64,1.00,0.50,0.64,0.64,0.79,0.64",15,1.15,0.21,"Sitelinks, AI Overview, Video, Video carousel, People also ask, Related searches, Ads bottom"
mbti 当たる,Informational,140,"1.00,1.00,1.00,0.82,0.65,0.82,0.65,0.65,0.82,0.82,0.82,0.82",17,0.39,0.20,"Sitelinks, AI Overview, Video, Video carousel, People also ask, Related searches"
mbti 悪役,Informational,140,"0.82,1.00,0.82,0.65,0.53,0.82,0.65,0.41,0.41,0.82,0.41,0.41",28,0.00,0.33,"Image, Image pack, Video, Related searches"
mbti 猫,Informational,140,"0.42,0.65,1.00,0.65,0.42,0.65,0.42,0.54,0.54,0.54,0.65,0.65",6,0.00,0.33,"Image pack, Video, Related searches"
mbti 診断 本,"Informational, Commercial",140,"0.81,1.00,1.00,0.52,0.67,0.67,0.52,0.52,0.43,0.43,0.52,0.67",26,0.06,0.46,"Sitelinks, Image pack, Video, People also ask, Related searches, Popular products, Ads middle"
mbti 軸,Informational,140,"0.53,0.53,0.82,0.82,0.82,0.82,0.82,0.82,0.82,0.82,1.00,0.65",21,0.00,0.33,"Image pack, Video, People also ask, Related searches"
mbti 関係,Informational,140,"1.00,0.81,0.67,1.00,0.52,0.67,0.67,0.43,0.67,0.67,0.67,0.43",18,0.00,0.33,"Sitelinks, Image pack, Video, People also ask, Related searches"
ne mbti,Informational,140,"0.82,0.82,0.65,0.53,0.82,0.82,1.00,0.82,0.65,0.82,0.82,0.82",31,0.00,0.33,"Sitelinks, AI Overview, Image pack, Video, People also ask, Related searches"
seventeen mbti 最新,Informational,140,"0.00,0.00,0.00,0.00,0.00,0.00,0.00,0.00,0.00,0.00,1.00,1.00",16,0.00,0.00,"Sitelinks, AI Overview, Image pack, Video, People also ask, Related searches"
sj mbti,Informational,140,"0.82,0.82,1.00,0.65,0.65,0.82,0.53,0.53,0.82,0.65,0.53,0.53",21,0.00,0.33,"Sitelinks, Video, People also ask, Related searches"
te mbti,Informational,140,"0.65,0.65,0.65,0.65,0.65,0.53,1.00,0.65,0.53,0.82,0.53,0.82",17,0.00,0.33,"Sitelinks, AI Overview, Video, People also ask, Related searches"
ti mbti,Informational,140,"0.82,0.82,1.00,0.65,0.82,0.65,1.00,0.65,0.65,0.65,0.82,0.82",22,0.00,0.33,"AI Overview, Video, People also ask, Related searches"
エニアグラム タイプ 5 mbti,Informational,140,"0.52,0.67,0.67,1.00,0.81,0.81,0.52,0.52,0.43,0.52,0.33,0.33",12,0.00,0.01,"Image pack, People also ask"
ジャイアン mbti,Informational,140,"0.82,1.00,0.82,0.65,0.82,0.65,0.82,0.53,0.82,0.65,0.82,0.82",26,0.00,0.33,"Video, People also ask, Related searches"
ジョーカー mbti,Informational,140,"0.82,1.00,0.82,1.00,0.82,0.65,0.65,0.53,0.65,0.65,0.65,0.82",31,0.00,0.33,"AI Overview, Image, Image pack, Video, People also ask, Related searches"
ナウシカ mbti,Informational,140,"0.65,1.00,0.82,1.00,0.65,0.53,0.65,0.53,0.53,1.00,1.00,0.65",30,0.00,0.33,"Image, People also ask, Related searches"
マギ mbti,Informational,140,"0.81,0.67,0.81,0.52,0.52,0.67,1.00,0.67,0.52,0.52,0.52,1.00",10,0.00,0.33,Related searches
吉良 吉 影 mbti,Informational,140,"0.52,0.67,0.52,0.52,0.67,1.00,0.67,0.67,0.81,1.00,1.00,0.52",19,0.00,0.33,"Video, People also ask, Related searches"
宇宙 兄弟 mbti,Informational,140,"0.81,1.00,1.00,0.52,0.52,0.43,0.67,0.43,0.67,0.52,0.81,0.81",15,0.00,0.33,"Image pack, People also ask, Related searches"
anime mbti,Informational,110,"0.79,0.79,0.64,0.64,0.64,0.79,0.64,0.64,1.00,0.50,0.64,0.50",26,0.00,0.33,"Image pack, Video, Video carousel, People also ask, Related searches"
deltarune mbti,Informational,110,"0.19,1.00,0.02,0.02,0.05,0.02,0.05,0.02,0.02,0.02,0.02,0.02",17,0.00,0.33,"Sitelinks, Image pack, People also ask, Related searches"
intp 多い,Informational,110,"0.64,1.00,0.64,0.64,0.64,0.79,0.64,0.64,0.79,0.64,1.00,1.00",20,0.00,0.33,"Sitelinks, AI Overview, Image pack, People also ask, Related searches"
mbti entertainer,Informational,110,"1.00,0.01,0.01,0.01,0.01,0.01,0.03,0.06,0.01,0.03,0.01,0.06",20,0.00,0.33,"AI Overview, Reviews, Image pack, Video, Video carousel, People also ask, Related searches"
mbti in 型,Informational,110,"0.52,0.52,1.00,1.00,0.52,0.52,0.33,0.24,0.33,0.52,0.33,0.52",26,0.00,0.33,"Sitelinks, Image pack, Video, People also ask, Related searches"
mbti isfj 性格,Informational,110,"0.65,0.65,0.82,0.53,0.41,0.65,0.53,0.82,0.65,0.65,1.00,0.65",21,0.00,0.01,"Featured snippet, Sitelinks, Image pack, Video, People also ask, Related searches"
mbti isfp 性格,Informational,110,"0.79,1.00,0.79,0.64,0.64,0.64,0.64,0.64,0.50,0.50,0.79,1.00",22,0.00,0.33,"Sitelinks, AI Overview, Reviews, Image pack, Video, People also ask, Related searches"
mbti love,Informational,110,"0.02,0.02,0.03,0.24,1.00,0.19,0.36,0.12,0.02,0.02,0.02,0.03",30,0.00,0.01,"Video, Video carousel, Related searches"
mbti memes,Informational,110,"0.07,1.00,0.07,0.07,0.07,0.07,0.07,0.07,0.07,0.07,0.07,0.07",29,0.00,0.33,"Image, Image pack, Video, Video carousel, Related searches"
mbti teste,Informational,110,"0.50,0.50,0.79,0.79,0.79,1.00,0.79,1.00,0.79,0.79,1.00,0.79",33,0.31,0.24,"Video, Related searches"
mbti おもしろ,Informational,110,"0.44,0.53,0.03,1.00,0.03,0.06,0.03,0.03,0.03,0.03,0.34,0.03",30,0.00,0.33,"Sitelinks, Image pack, Video, Video carousel, People also ask, Related searches"
mbti ひろゆき,Informational,110,"0.64,1.00,1.00,0.64,0.64,0.64,0.50,0.64,0.79,1.00,1.00,0.64",31,0.00,0.33,"Sitelinks, AI Overview, Video, Short videos, People also ask, Related searches"
mbti めんどくさ がり,Informational,110,"0.54,0.28,1.00,0.10,0.18,0.03,0.03,0.03,0.03,1.00,0.23,0.03",30,0.00,0.33,"Sitelinks, People also ask, Related searches"
mbti ドラゴンボール,Informational,110,"0.34,1.00,0.53,0.53,0.03,0.03,0.03,0.06,0.03,0.03,0.09,0.22",14,0.00,0.33,"Video, Short videos, People also ask, Related searches"
mbti ナルト,Informational,110,"1.00,0.79,1.00,0.79,0.64,0.64,0.79,0.79,0.64,0.64,1.00,0.64",14,0.00,0.33,"Image, Image pack, Video, People also ask, Related searches"
mbti ハリポタ,Informational,110,"0.50,1.00,1.00,1.00,0.79,1.00,0.50,0.50,0.64,1.00,0.64,0.36",31,0.00,0.33,"Sitelinks, Image, Image pack, Video, People also ask"
mbti ヤンデレ,Informational,110,"0.79,0.79,1.00,1.00,1.00,1.00,0.79,0.64,1.00,0.79,0.79,0.64",26,0.00,0.33,"Image pack, Video, Video carousel, People also ask, Related searches"
mbti 例,Informational,110,"0.79,0.64,0.79,0.64,0.64,0.79,0.50,0.50,1.00,1.00,0.79,0.64",18,0.00,0.33,"Sitelinks, AI Overview, Video, People also ask"
mbti 問題,Informational,110,"0.28,0.10,0.67,0.03,0.03,0.08,0.03,0.05,0.23,0.05,1.00,0.18",33,0.00,0.01,"Sitelinks, Image pack, Video, People also ask, Related searches"
mbti 変わり者,Informational,110,"0.64,1.00,0.79,0.79,0.64,0.79,0.64,0.50,0.79,0.79,0.79,0.79",31,0.00,0.33,"Video, People also ask, Related searches"
mbti 天才,Informational,110,"1.00,0.67,0.52,0.43,0.43,0.43,0.33,0.33,0.43,0.67,0.81,0.67",17,0.00,0.33,"Sitelinks, AI Overview, Reviews, Video, People also ask, Related searches"
mbti 女性,Informational,110,"0.65,1.00,0.65,0.65,0.65,0.41,0.53,0.53,0.82,0.65,1.00,0.53",15,0.00,0.01,"Sitelinks, Image pack, Video, Video carousel, People also ask, Related searches"
mbti 婚 活,Informational,110,"0.79,1.00,1.00,0.79,0.64,0.50,0.50,0.50,0.79,0.79,1.00,0.79",14,0.95,0.22,"Sitelinks, Video, People also ask, Related searches"
mbti 当てはまら ない,Informational,110,"0.82,1.00,0.82,0.82,0.65,0.41,0.53,0.53,0.29,0.53,0.53,0.53",27,0.00,0.33,"Sitelinks, People also ask, Related searches"
mbti 性格 診断 無料,Informational,110,"1.00,1.00,0.33,0.33,0.43,0.67,0.43,0.33,0.43,0.52,0.67,0.52",30,0.31,0.52,"Reviews, Video, People also ask, Related searches"
mbti 文系 理系,Informational,110,"0.82,1.00,0.65,0.82,0.65,0.65,0.53,0.41,0.41,0.41,0.53,0.41",22,0.00,0.33,"Sitelinks, AI Overview, Image pack, Video, People also ask, Related searches"
mbti 書籍,Informational,110,"0.79,0.79,1.00,0.79,0.79,1.00,0.79,0.64,0.79,0.79,0.79,0.64",24,0.05,0.66,"Sitelinks, Image pack, Video, People also ask, Related searches"
mbti 海外,Informational,110,"1.00,0.79,1.00,1.00,0.79,0.50,0.79,0.64,0.64,0.79,0.79,0.79",23,0.00,0.33,"AI Overview, Image pack, Video, People also ask, Related searches"
mbti 真ん中,Informational,110,"0.23,0.02,1.00,0.29,0.15,0.02,0.02,0.15,0.04,0.06,0.54,0.02",31,0.00,0.33,"Sitelinks, Video, People also ask, Related searches"
mbti 研究,Informational,110,"1.00,0.53,0.65,0.65,0.82,0.65,0.53,0.41,0.41,0.53,0.53,0.53",19,0.00,0.33,"Image pack, Video, People also ask, Related searches"
mbti 結婚,Informational,110,"1.00,0.19,0.01,0.01,0.01,0.01,0.07,0.10,0.03,0.01,0.01,0.01",14,0.00,0.33,"Sitelinks, AI Overview, Image, Image pack, Video, People also ask, Related searches"
mbti 結果 変わる,Informational,110,"0.01,0.03,0.06,0.01,0.03,0.19,0.03,0.02,0.01,0.16,1.00,0.01",21,0.00,0.33,"Sitelinks, Video, People also ask, Related searches"
mbti 統計,Commercial,110,"0.82,0.53,0.82,1.00,0.65,0.65,0.53,0.41,0.65,0.53,0.65,0.41",18,0.00,0.33,"Sitelinks, People also ask, Related searches"
mbti 職人,Informational,110,"0.64,0.64,0.64,0.64,0.64,0.79,1.00,0.79,0.79,1.00,1.00,0.64",16,0.00,0.01,"Image pack, Video, People also ask, Related searches"
mbti 芸人,Informational,110,"0.53,0.65,0.53,0.65,0.53,0.65,1.00,0.82,0.65,0.65,0.82,0.65",18,0.00,0.33,"Image pack, Video, Video carousel, People also ask, Related searches"
mbti 趣味,Informational,110,"1.00,0.79,0.64,0.79,0.79,0.64,0.79,0.64,0.64,0.79,0.50,0.64",28,0.00,0.33,"Sitelinks, Image pack, Video, People also ask, Related searches"
mbti 遺伝,Informational,110,"0.34,1.00,0.53,0.44,0.03,0.22,0.03,0.12,0.03,0.06,0.06,0.03",30,0.00,0.33,"Sitelinks, AI Overview, Video, People also ask, Related searches"
nfp mbti,Informational,110,"1.00,0.01,0.01,0.01,0.01,0.02,0.01,0.01,0.01,0.06,0.01,0.01",30,0.00,0.33,"AI Overview, Image pack, Video, People also ask, Related searches"
se mbti,Informational,110,"0.79,1.00,0.79,0.79,0.79,0.64,1.00,0.79,1.00,1.00,0.79,0.64",17,0.00,0.33,"Sitelinks, AI Overview, Video, People also ask, Related searches"
sf mbti,Informational,110,"0.65,0.82,0.65,0.65,1.00,0.82,0.65,0.53,0.65,0.53,0.65,1.00",30,0.00,0.33,"Sitelinks, AI Overview, Image, Image pack, Video, People also ask, Related searches"
undertale mbti,Informational,110,"0.19,0.30,0.01,0.12,0.01,0.01,0.01,1.00,0.01,0.01,0.01,0.01",18,0.00,0.33,"Sitelinks, Image, Image pack, People also ask, Related searches"
ぷよぷよ mbti,Informational,110,"0.24,1.00,0.15,0.12,0.01,0.07,0.07,0.01,0.07,0.36,0.10,0.01",21,0.00,0.33,"Video, People also ask, Related searches"
アイマス mbti,Informational,110,"0.34,0.34,0.28,0.22,0.34,0.34,0.28,0.28,0.28,1.00,0.28,0.28",16,0.00,0.33,Related searches
エゴグラム mbti,Informational,110,"0.28,0.08,0.05,1.00,0.03,0.03,0.18,0.10,0.03,0.44,0.05,0.10",18,0.00,0.33,"Sitelinks, Reviews, Image pack, Video, People also ask, Related searches"
サマー ウォーズ mbti,Informational,110,"0.01,0.19,0.01,0.01,1.00,0.19,0.02,0.06,0.05,0.02,0.01,0.08",22,0.00,0.33,"People also ask, Related searches"
ジャック スパロウ mbti,Informational,110,"0.53,1.00,0.65,0.82,0.82,0.65,0.53,0.41,0.41,0.65,0.65,0.53",26,0.00,0.33,"AI Overview, Image pack, People also ask, Related searches"
ハロプロ mbti,Informational,110,"1.00,0.65,0.53,0.65,0.53,0.65,0.41,0.41,0.82,1.00,0.53,0.65",27,0.00,0.33,"Video, People also ask, Related searches"
ホグワーツ mbti,Informational,110,"0.53,0.65,1.00,0.82,1.00,0.82,0.65,0.65,0.53,0.53,0.65,0.53",31,0.00,0.33,"Sitelinks, Image pack, Video, People also ask, Related searches"
レオナルド ダヴィンチ mbti,Informational,110,"1.00,0.09,0.06,0.09,0.06,0.28,0.16,0.22,0.03,0.03,0.09,0.03",19,0.00,0.33,"Sitelinks, AI Overview, People also ask"
氷菓 mbti,Informational,110,"1.00,0.82,0.65,0.53,0.65,0.65,0.53,0.65,0.41,0.53,0.65,0.82",23,0.00,0.33,"Sitelinks, Video, People also ask, Related searches"
漫画 家 mbti,Informational,110,"1.00,1.00,1.00,0.79,0.79,0.79,0.64,0.64,0.79,0.64,0.79,1.00",30,0.00,0.33,"Sitelinks, AI Overview, Image pack, Video, People also ask, Related searches"
beastars mbti,Informational,90,"0.03,0.02,0.02,0.24,0.29,0.02,0.05,0.02,1.00,0.07,0.81,0.05",14,0.00,0.33,"Image pack, Video, People also ask, Related searches"
harry potter mbti,Informational,90,"0.01,0.24,1.00,0.01,0.01,0.15,0.07,0.07,0.12,0.01,0.01,0.01",32,0.00,0.33,"Sitelinks, AI Overview, Image, Image pack, Video, Video carousel, People also ask, Related searches"
isfp 人口,Informational,90,"0.35,1.00,0.04,0.06,0.02,0.02,0.06,0.02,0.06,0.04,0.15,0.02",23,0.00,0.33,"AI Overview, People also ask, Related searches"
l mbti,Informational,90,"0.12,0.12,0.15,0.10,0.12,0.10,0.12,0.10,0.15,0.29,0.29,1.00",27,0.00,0.01,"AI Overview, Image pack, People also ask, Related searches"
mbti 5ch,"Navigational, Transactional",90,"0.03,0.03,0.05,0.67,0.82,0.28,0.03,1.00,0.03,0.03,0.03,0.03",18,0.00,0.33,Related searches
mbti np,Informational,90,"1.00,0.01,0.06,0.01,0.07,0.01,0.04,0.03,0.01,0.12,0.01,0.01",20,0.00,0.33,"Sitelinks, Image pack, Video, People also ask, Related searches"
mbti オタク,Informational,90,"0.07,0.11,0.07,0.08,0.07,0.08,0.07,0.04,0.05,0.07,0.07,1.00",12,0.00,0.33,"AI Overview, Image, Video, Video carousel, Related searches"
mbti ビッグ ファイブ,Informational,90,"0.15,0.04,0.44,0.02,0.29,1.00,0.04,0.10,0.02,0.02,0.23,0.02",23,0.43,0.14,"Sitelinks, AI Overview, Image pack, Video, People also ask"
mbti 外向 内向,Informational,90,"1.00,1.00,0.82,1.00,0.82,0.82,0.82,0.82,0.82,1.00,1.00,0.82",26,0.00,0.33,"AI Overview, Image pack, Video, People also ask, Related searches"
mbti 外見,Informational,90,"0.01,0.29,1.00,0.01,0.01,0.01,0.10,0.01,0.01,0.03,0.01,0.01",30,0.00,0.33,"Image pack, Video, People also ask, Related searches"
mbti 嫉妬,Informational,90,"0.03,0.36,1.00,0.28,0.13,0.03,0.08,0.05,0.03,0.03,0.03,0.03",30,0.00,0.33,"Sitelinks, Image pack, Video carousel, People also ask, Related searches"
mbti 映画,Informational,90,"0.20,0.60,0.20,0.20,0.20,0.20,0.20,0.20,1.00,1.00,0.20,0.20",30,0.00,0.33,"Image, Image pack, Video, People also ask, Related searches"
mbti 気分 屋,Informational,90,"1.00,1.00,0.04,0.08,0.04,0.04,0.19,0.04,0.08,0.04,0.04,0.04",28,0.00,0.33,"Sitelinks, Image pack, Video, People also ask, Related searches"
mbti 理論,Informational,90,"0.79,0.79,0.79,0.79,0.79,0.50,0.64,0.50,0.50,0.79,0.79,1.00",26,0.00,0.33,"Sitelinks, AI Overview, Image pack, Video, People also ask, Related searches"
si mbti,Informational,90,"0.42,0.65,0.04,0.04,1.00,0.19,0.04,0.35,0.42,0.04,0.04,0.04",13,0.00,0.33,"Sitelinks, AI Overview, Video, People also ask, Related searches"
tj 型 mbti,"Informational, Transactional",90,"0.02,0.08,0.02,0.02,0.06,0.02,0.04,0.15,0.04,0.02,0.02,1.00",30,0.00,0.33,"Sitelinks, AI Overview, Image pack, Video, People also ask, Related searches"
こち亀 mbti,Informational,90,"0.79,1.00,0.50,0.64,0.50,0.79,0.64,0.50,0.64,0.64,1.00,1.00",9,0.00,0.33,"Image pack, People also ask, Related searches"
アスペルガー mbti,Informational,90,"0.29,0.24,1.00,0.07,0.02,0.02,0.03,0.02,0.02,0.02,0.02,0.02",31,0.00,0.33,"Sitelinks, AI Overview, Video, People also ask, Related searches"
シャア mbti,Informational,90,"1.00,0.36,0.07,0.07,0.07,0.64,0.50,0.07,0.07,0.14,0.14,0.07",8,0.00,0.33,"People also ask, Related searches"
ダンロン mbti,Informational,90,"0.36,0.64,0.64,0.36,0.36,0.64,0.79,0.79,0.79,1.00,0.79,0.64",31,0.00,0.33,"People also ask, Related searches"
ニーチェ mbti,Informational,90,"0.01,0.08,0.03,0.03,0.67,0.67,0.01,0.01,1.00,0.16,0.06,0.01",22,0.00,0.33,"Sitelinks, AI Overview, Image pack, Video, People also ask, Related searches"
マーベル mbti,Informational,90,"0.04,1.00,0.24,0.01,0.03,0.03,0.01,0.04,0.01,0.06,0.03,0.01",19,0.00,0.33,"Image, Image pack, Video, People also ask, Related searches"
レトルト mbti,Informational,90,"0.03,1.00,0.05,0.03,0.03,0.05,0.03,0.03,0.03,0.36,0.36,0.03",31,0.00,0.33,"Sitelinks, AI Overview, Image pack, Video, People also ask, Related searches"
ロイド mbti,Informational,90,"0.15,0.08,0.02,0.67,0.08,1.00,0.02,0.02,0.02,0.02,0.02,0.02",8,0.00,0.33,"Video, People also ask, Related searches"
又吉 mbti,Informational,90,"1.00,0.04,0.04,0.04,0.08,0.04,0.12,0.04,0.08,0.04,0.04,0.65",30,0.00,0.33,"AI Overview, Video, People also ask, Related searches"
変わり者 mbti,Informational,90,"1.00,0.24,0.44,0.05,0.03,0.03,0.02,0.02,0.12,0.07,0.44,0.05",20,0.00,0.33,"AI Overview, Video, People also ask, Related searches"
好き な 人 の mbti,Informational,90,"0.81,1.00,0.44,0.03,0.03,0.06,0.16,0.03,0.06,0.03,0.03,0.03",25,0.00,0.33,"Sitelinks, AI Overview, Image pack, Video, Video carousel, People also ask, Related searches"
2w1 mbti,Informational,70,"0.08,1.00,0.03,0.03,0.13,0.08,0.23,0.10,0.03,0.18,0.03,0.03",15,0.00,0.33,"AI Overview, People also ask, Related searches"
death note mbti,Informational,70,"0.09,0.45,0.09,0.09,0.09,0.09,0.09,0.09,1.00,0.09,0.09,0.36",26,0.00,0.33,"Image, Image pack, People also ask, Related searches"
mbti enfp 性格,Informational,70,"1.00,0.14,0.07,0.07,0.64,0.07,0.07,0.07,0.36,0.14,0.07,0.07",23,0.00,0.33,"Sitelinks, AI Overview, Reviews, Image pack, Video, People also ask, Related searches"
mbti s 型 n 型,Informational,70,"0.08,0.03,0.10,1.00,0.28,0.03,0.08,0.03,0.05,0.03,0.82,0.03",28,0.00,0.33,"Sitelinks, AI Overview, Video, Video carousel, People also ask, Related searches"
mbti いじめ,Informational,70,"1.00,0.03,0.03,0.05,0.03,0.03,0.13,0.03,0.03,0.08,0.03,0.03",30,0.00,0.33,"Sitelinks, Image pack, Video, People also ask, Related searches"
mbti イケメン,Informational,70,"0.50,0.50,0.50,0.50,0.50,0.64,0.79,0.79,0.79,1.00,0.64,0.64",29,0.00,0.33,"Image pack, Video, Video carousel, People also ask, Related searches"
mbti シャドウ,Informational,70,"0.01,0.01,0.01,0.01,0.03,0.01,0.01,0.01,1.00,0.03,0.01,0.36",19,0.00,0.33,"Sitelinks, AI Overview, Video, Related searches"
mbti 勉強,Informational,70,"0.02,0.03,0.08,0.02,1.00,0.02,0.05,0.02,0.02,0.03,0.02,0.36",12,0.00,0.33,"Sitelinks, Video, Video carousel, People also ask, Related searches"
mbti 受験,Informational,70,"0.04,0.02,0.02,0.02,1.00,0.02,0.06,0.04,0.02,0.15,0.10,0.04",15,0.00,0.33,"Video, People also ask, Related searches"
mbti 容姿,Informational,70,"0.15,0.42,0.42,1.00,0.04,0.04,0.04,0.04,0.12,0.04,0.12,0.35",30,0.00,0.33,"Sitelinks, Image, Image pack, Video, People also ask, Related searches"
mbti 批判,Informational,70,"0.57,0.14,0.14,0.71,0.29,0.14,0.29,1.00,0.14,0.14,0.14,0.14",30,0.00,0.33,"AI Overview, Video, People also ask, Related searches"
エンジニア mbti,Informational,70,"0.03,0.03,0.03,1.00,0.05,0.10,0.03,0.13,0.05,0.03,0.18,0.05",8,0.00,0.02,"Sitelinks, AI Overview, Image pack, Video, Video carousel, People also ask, Related searches"
三国志 mbti,Informational,70,"1.00,0.04,0.04,0.04,0.04,0.04,0.04,0.19,0.04,0.04,0.65,0.04",13,0.00,0.33,"Image pack, Video, Related searches"
国 mbti,Informational,70,"0.71,0.14,0.29,0.29,0.43,0.14,0.14,1.00,1.00,0.14,0.14,0.14",8,0.00,0.33,"AI Overview, Image pack, Video, People also ask, Related searches"
投資 家 mbti,Informational,70,"0.12,0.12,0.04,0.04,0.08,0.27,0.04,0.15,1.00,0.04,0.08,0.04",24,0.00,0.33,"AI Overview, Image pack, Video, People also ask, Related searches"
advocate mbti,Informational,50,"0.14,0.14,0.14,1.00,0.14,0.14,0.14,0.14,0.14,0.14,0.14,1.00",31,0.00,0.33,"Reviews, Image pack, Video, Video carousel, People also ask, Related searches"
demon slayer mbti,Informational,50,"1.00,0.65,0.08,0.08,0.04,0.04,0.04,0.04,0.08,0.04,0.04,0.12",29,0.00,0.33,"Sitelinks, Image, Image pack, Video, People also ask, Related searches"
enfp 日本 人,Informational,50,"0.11,0.22,0.22,0.11,0.11,1.00,0.22,0.22,0.22,1.00,0.78,0.44",24,0.00,0.33,"Sitelinks, AI Overview, People also ask, Related searches"
mbti compatibility chart,Informational,50,"1.00,1.00,1.00,0.71,1.00,1.00,0.43,0.71,0.71,0.71,0.43,1.00",21,0.00,0.33,"Sitelinks, Reviews, Image pack, People also ask, Related searches"
mbti 不 健全 時,Informational,50,"1.00,0.33,0.33,0.33,0.67,0.33,0.33,1.00,1.00,0.67,1.00,0.33",16,0.00,0.33,"Sitelinks, Video, Related searches"
mbti 他人,Informational,50,"0.33,0.33,0.33,0.67,0.33,0.67,0.33,0.33,1.00,0.33,1.00,0.33",21,0.00,0.33,"Sitelinks, Video, People also ask, Related searches"
mbti 収入,Informational,50,"0.03,1.00,0.03,0.03,0.03,0.03,0.09,0.34,0.03,0.22,0.03,0.03",18,0.00,0.33,"AI Overview, Reviews, Video, People also ask, Related searches"
mbti 学校,Informational,50,"0.14,0.10,0.05,0.05,0.05,0.19,0.05,1.00,0.14,0.14,0.05,0.05",21,0.00,0.33,"Sitelinks, AI Overview, Image pack, Video, People also ask, Related searches"
